OTUID,261MI,262MI,263MI,264MI,265MI,26AFI,26BFI,26CFI,26DFI,26EFI,4110MI,41AFI,41DFI,41EMI,41FFI,41FI,41GMI,41IMI,41JFI,41JMI,26FV1I,26FV2I,26FV3I,26FV4I,26FV5I,26MVAI,26MVBI,26MVCI,26MVDI,26MVEI,41FV1I,41FV2I,41FV3I,41FV4I,41FV5I,41MVAI,41MVBI,41MVCI,41MVDI,41MVEI,26FP12I,26FP16I,26FP3I,26FP7I,26FP8I,26H2I,26H3I,26H4I,26H7I,26H8I,26M10I,26M14I,26M19I,26M2I,26M2ScI,26M4ScI,26M5I,26M6I,26M6ScI,26M9I,41FP16I,41FP17I,41FP18I,41FP19I,41FP20I,41M11I,41M12I,41M13I,41M14I,41M15I,H31I,H32I,H33I,H34I,H35I,M1I,M2I,M3I,M4I,M5I,261MR,262MR,263MR,264MR,265MR,26AFR,26BFR,26CFR,26DFR,26EFR,4110MR,41AFR,41DFR,41EMR,41FFR,41FR,41GMR,41IMR,41JFR,41JMR,26FV1R,26FV2R,26FV3R,26FV4R,26FV5R,26MVAR,26MVBR,26MVDR,26MVER,41FV1R,41FV2R,41FV3R,41FV4R,41FV5R,41MVAR,41MVBR,41MVCR,41MVDR,41MVER,26FP12R,26FP16R,26FP3R,26FP7R,26FP8R,26H2R,26H3R,26H4R,26H7R,26H8R,26M14R,26M19R,26M2R,26M2ScR,26M4ScR,26M5R,26M6R,26M6ScR,26M9R,41FP16R,41FP17R,41FP18R,41FP19R,41FP20R,41M11R,41M12R,41M13R,41M14R,41M15R,H31R,H32R,H33R,H34R,H35R,M1R,M2R,M3R,M4R,M5R,abun,dominio,phylum,clase,orden,familia,genero,especie,Confidence,taxa
501ef6cc75fb160180e332ba60a60df8,0.515008829,0.75385904,0.435052828,0,1.623316731,0.880360057,52.79943303,12.65915055,61.5222159,0.653798257,53.92302785,17.98185807,0.381679389,3.092871102,12.01938009,21.41613465,60.86115143,25.89143487,16.55710136,5.992829093,0,0,0,0,0,0.014806041,0,0,0,0,0.560448359,19.88304094,0.405327157,0.12642225,0.166910077,0.478902407,0.130195293,1.168014376,0.272130623,0.12539185,0.041528239,0,0,0,0,4.322047121,2.504743833,3.789042499,1.138088012,4.780982906,0.427350427,0,0,1.632956022,0,0,0.970017637,0,0,0,0.289397527,0,0,12.38286047,1.600688468,4.896907216,62.8042328,0.977301387,0.124204316,0.556438792,0.019069009,0,0.072896924,0,0,6.14213198,0,0.239139099,0.426742532,0,0.035464137,1.910447761,84.15117816,0.024437928,4.006163328,0.32508127,83.78576669,50.35877365,94.35354204,0.559006211,26.6087933,30.20002073,0.641503804,0.356462718,44.18356457,27.62918832,29.84251577,28.523126,28.44973666,45.47228728,0,0.375161708,0,0,0,0,0,0,0,0.014952153,2.218649518,2.82404055,0.825222175,1.704891716,0.801670146,0.335612181,30.00715504,3.343239227,3.538457299,0.147919877,0,0,0,0.897681715,0.225586227,0.161264312,0.175853759,0,0.141200049,0,0,0,0,0,0.446251844,0.045013504,0,0.00592304,4.583723106,0.026463988,0.094457974,3.751893771,0.23882387,9.161639139,50.08448324,0.067104086,0.054158607,4.525386313,0.168542708,0.184595505,0.0366183,0,0,0,0,0.382923674,0.161653078,0.005085177,7.51019227,d__Bacteria, p__Proteobacteria, c__Gammaproteobacteria, o__Enterobacterales, f__Hafniaceae, g__Hafnia-Obesumbacterium, s__Hafnia_paralvei,0.719542206,Hafnia paralvei
a16986411ff8c5714b2ba245262b5f95,0.14714538,0.813689123,7.799875699,6.29623541,4.334993544,0.039566744,1.287502953,32.4812907,7.895378117,4.304171856,0.978099086,2.733147566,5.104026343,5.098139179,2.515684204,4.28516154,0.951459442,0.588163215,2.568414616,4.302543964,1.71990172,0.408361692,0.753730195,3.308010386,3.408924653,0,0,0.774193548,3.693931398,0,0.64051241,0,1.389693109,1.485461441,23.8890048,20.79989645,1.392088132,1.437556155,1.21658396,0.647857889,11.93936877,0,0,7.491856678,4.146100691,0,0.759013283,2.508960573,7.572078907,0.400641026,1.068376068,0,3.162055336,2.570050102,2.564102564,3.185509057,6.525573192,22.22222222,0,15.76394503,7.445409103,3.105590062,0,4.166828238,3.820998279,0.368188513,0.105820106,0.157629256,0.388138488,0,0.080513592,6.504462648,7.085580988,20.16315222,6.796945645,1.421319797,2.044609665,13.07958018,18.83357041,5,1.640216331,1.412935323,0.015553309,0.146627566,0.61633282,4.651162791,0.929322573,0.27956388,0.704624988,8.021295475,1.727563272,1.088195668,0.052215426,9.018995068,0.731056564,2.345037394,1.460579264,0.248803828,5.440806045,1.6653656,2.765567766,3.389391979,4.468051867,25.45410706,8.871875704,1.122385587,0.385916432,0.471453607,2.087608172,4.126794258,22.05787781,21.94062274,21.22302158,15.02147837,20.29227557,11.73399627,12.5598547,13.1872214,10.95433626,9.016949153,8.996960486,7.773017717,5.963413651,4.728080879,5.975066785,6.058162662,1.385119733,4.198315963,0.238369974,1.706649493,2.008295132,9.830895975,4.996326231,24.77404307,6.686580055,1.66549965,9.05843692,21.03074058,5.893358279,4.136850574,19.59707771,10.10732428,2.950663744,6.300069232,0.028161081,4.712198032,2.429400387,17.07137601,1.294167218,6.996169643,7.433514899,10.8245174,9.551809748,9.30956913,10.05818339,7.047865459,10.35282541,8.883803712,5.628598146,d__Bacteria, p__Firmicutes, c__Clostridia, o__Lachnospirales, f__Lachnospiraceae,NA,NA,0.999999898,Lachnospiraceae
5b417a0a0068c9b6e23752143b558bc4,0,0,0,0,0,0,0,0,0,0,0,0,0,0,0,0,0,0,0,0,0,0,0,0,0,0,0,0,0,0,0,0,0,0,0,0,0,0,0,0,0.124584718,0,0,0.325732899,43.33662389,0,0,0,0,0,0,94.12955466,73.12252964,0,72.00854701,71.08057464,0,0,93.20987654,0,0,0,0,0.003446864,0.005737235,82.4742268,23.06878307,72.65132409,17.01599131,85.69157393,0,0,0,0,0,0,0,0,0,0,0,0,0,0,0,0,0,0,0,0,0,0,0,0,0,0,0,0,0,0,0,0,0,0,0,0,0,0,0,0,0,0,0,0,0,0,0,0,0,0,0,0.007261109,0,0,0,0,0,0,0,0.67621961,1.659026413,0,0.610410897,0.995460036,0,0,3.029004143,0,0,0,0.002951812,0,0,0.128572841,0.112644326,0.067104086,0.069632495,0.110375276,0,0,0,0,0,0,0,0,0,0,4.656441584,d__Bacteria, p__Proteobacteria, c__Gammaproteobacteria, o__Pseudomonadales, f__Pseudomonadaceae, g__Pseudomonas,NA,0.999994102,Pseudomonas
7e537c12b9af4d0e06d9c229f25d2176,0,0,0,0,0,0,0,0,0,0,0,0,0,0,0,0,0,0,0,0,1.167076167,0.048614487,0,0,0.095098756,2.605863192,3.378378378,2.709677419,0.263852243,0,0,0,0,0,0.041727519,0,0,0,0,0,1.204318937,0,0,0,0,88.204088,75.86337761,76.80491551,44.79514416,81.12980769,8.760683761,0,0,17.87437372,0,0.562148657,12.96296296,5.555555556,0,3.637833468,0.342015259,9.316770186,7.804878049,0.282642883,3.21858864,0.368188513,0,0.110340479,0.077627698,1.192368839,8.998453292,51.41215307,2.259804636,11.64383562,0.557620818,57.91878173,17.84386617,2.96266773,11.57183499,18.94736842,0,0,0,0,0,0,0,0,0,0,0,0,0,0,0,0,0,0,0,0,0,0,0,0,0,0.053841375,0.061937205,0.076518648,0.156124543,0,0,0,0,0,0,0,0,0,0.005511616,0,0,0,0,0,0.317601662,1.064344461,0.147630316,0.285579697,1.747540386,0,0,0.09460365,0,0.004165105,0.118760571,0.22006602,0,0.090819946,2.151543499,0.020112631,0.007379529,0.021643093,0.007237087,0,0,0,0,0,2.010473725,0.27227837,0.434842312,0.578034682,0.392003136,0.109592202,0.21010667,0.212160414,0.267078999,0.594965675,4.090062041,d__Bacteria, p__Proteobacteria, c__Gammaproteobacteria, o__Burkholderiales, f__Comamonadaceae, g__Delftia,NA,0.999621361,Delftia
32e7dd57efc183a5b7e69af26d8641b9,0,1.017111404,0,0.164392569,0,85.39492557,0,1.715424239,0.308667046,2.311643836,2.168828407,1.820122132,1.66142793,1.006882488,3.490900056,4.478622558,2.547976133,0.75971082,0.851042144,2.595185248,2.288083538,3.928050559,4.076295954,1.538609482,1.938551573,58.2987859,49.72972973,21.24731183,9.498680739,8.591885442,7.926341073,4.093567251,0,5.088495575,7.594408512,2.98990422,10.69604407,12.39892183,7.459580599,18.26959248,0,0,0,0,0,0,0,0,0,0,0,0,0,0,0,0,0,0,0,0,0,0,0,0,0,0,0,0,0,0,0,0,0,0,0,0,0,0,0,0,0.212784821,0.099502488,0.15553309,94.77028348,2.157164869,0.32508127,0.635852287,20.98592862,0.813392604,0.310559006,0.341193746,0.849828998,66.22407877,2.72962547,1.990394877,0.71407445,2.031894282,1.696969697,1.831921227,4.462659381,0,0.090556274,0.031245118,0.040186465,1.25347144,0.766204183,0.624136452,0.881198628,2.395396556,1.121411483,0,0.724112962,0.465509945,0.047564547,0.11691023,0.795525171,0.247674611,2.005943536,0.424394411,0,0,0,0,0,0,0,0,0,0,0,0,0,0,0,0,0,0,0,0,0,0,0,0,0,0,0,0,0,0,0,0,0,0,0,0,0,0,0,3.577948534,d__Bacteria, p__Proteobacteria, c__Gammaproteobacteria, o__Enterobacterales, f__Yersiniaceae, g__Serratia,NA,0.998740476,Serratia
929805da29bce3a9838d81700d0a5770,0.117716304,0.119660165,7.675574891,0.838402104,4.021398266,0.04945843,3.6735176,2.356885995,3.97205751,1.883561644,1.084414204,4.701488113,2.76904655,3.730138499,4.733213243,6.645385955,0.564425093,2.021811053,1.921214901,6.385521598,0.076781327,0.145843461,0.076911244,0.605827483,0.095098756,0.037015102,0,0.64516129,1.055408971,2.386634845,0.080064051,0,0.694846555,0.442477876,1.272689339,15.92026922,0.340510766,0.359389039,0.160076837,0.351097179,4.734219269,0,0,8.794788274,3.553800592,0.031206116,0.569259962,1.792114695,1.699544765,0.186965812,1.923076923,0.20242915,1.581027668,0.097420672,2.35042735,1.499063086,1.14638448,0,0,2.5869038,1.052354644,3.105590062,0,0.408022577,1.044176707,0.073637703,0.158730159,0,0.155255395,0.158982512,0.983113333,0.097811468,8.674733926,8.546252116,6.822063699,1.878172589,4.646840149,13.45821709,11.21621622,5.526315789,0.96639773,0.15920398,0.023329963,0,0,8.864716179,0.281242358,0.037275184,0.089851509,1.481810115,1.35181826,2.912218883,0.089512159,3.017725475,1.355389541,2.514049098,2.081573849,0.555023923,1.163269979,2.224824356,0.21978022,0.763260026,6.483361975,3.038096769,0.510395557,0.534272106,2.901519844,0.839236788,0.276563476,4.66507177,12.2829582,1.013758146,6.263224714,9.142797687,5.995824635,6.500932256,1.040233365,1.523031204,1.904263235,7.001540832,12.24924012,6.959773453,6.346200338,10.42356632,5.776194717,2.031930334,0.905321204,2.84107637,0.059212924,7.792625986,3.034271993,1.93149119,11.72780196,2.494897747,0.780940728,1.455436631,2.628946992,4.815431493,5.332086062,9.763094381,14.30447937,4.065082053,5.63562301,8.502291234,0.021120811,0.193856248,0.735009671,1.508462104,17.85348823,17.85038534,10.44079279,14.65263388,7.813929178,10.86116398,5.651330676,20.98318241,9.284509418,5.308924485,3.429438452,d__Bacteria, p__Firmicutes, c__Clostridia, o__Lachnospirales, f__Lachnospiraceae, g__Hungatella, s__uncultured_bacterium,0.797543792,Hungatella
eb7b29a2f748c61f1a0d50fc684ddf5d,0.117716304,0.131626182,8.359229335,0,16.343848,0,0,0,0,0,0.085052094,2.525641786,13.00703488,4.0402753,1.875892913,5.861868833,0.12901145,0,3.949447077,0,0,0,0.230733733,0.115395711,0.109729334,0,0,0,0,0,0.080064051,0,10.30689056,0,0.083455039,0.142376391,0.130195293,0.628930818,0,0.045977011,2.10755814,0,0,3.908794788,2.566633761,0.031206116,0.113851992,0.153609831,0.04552352,0.320512821,0,0,2.371541502,0.185563184,2.564102564,0,0.264550265,3.703703704,0,1.778496362,0,0.621118012,0,50.99420496,1.514629948,0.405007364,1.005291005,0.094577554,0.512342804,0.238473768,0.019069009,0.012226434,8.179034845,0.050023088,3.963629057,0,2.044609665,0.006642753,1.052631579,1.842105263,0.124124479,0,0.038883272,0,0.770416025,0,0,0,0,0,0.082059255,2.746398591,0.074593466,0.439474584,0.704375667,1.605611189,0.342789011,0,2.839477902,0,0.073260073,0.025873221,0,0.570647806,1.043308564,0,0,0.022215091,1.195467928,0,4.083601286,2.606806662,0,0.065401252,0.075156576,10.04350528,1.816280478,0,0.372034062,12.05546995,0.015197568,1.920563462,8.99347248,0.034861426,7.379044227,0.016126431,0.049933783,4.457398575,0.280881817,0.193205603,1.702685003,21.44743585,0.033911716,0,2.573145716,0.040012004,42.09172739,0.01776912,10.00935454,0.423423805,0.417681352,47.05208347,0.203672305,19.96505456,0.112644326,0.00745601,23.89941973,14.31199411,0.397279239,4.471826111,8.797546574,0.136328934,6.030314909,0.028840053,29.5388428,0,9.418048918,0.122044241,2.983418466,d__Bacteria, p__Firmicutes, c__Bacilli, o__Erysipelotrichales, f__Erysipelotrichaceae, g__Faecalitalea, s__uncultured_bacterium,0.967869953,Faecalitalea
09c25852892900d095dffc4ed4f0c7b7,4.664508534,0.311116429,11.59105034,0,3.006825309,0.009891686,0,0,0,1.190846824,0.616627684,0.628446078,3.726986978,2.018013425,0.621156594,0.77384407,0.161264312,1.862516848,0.779697294,0.845142564,0.829238329,0.087506077,1.276726657,2.048273872,1.419166057,0,0,0,0.791556728,0.954653938,0,0,4.863925883,0.063211125,1.648237012,21.60238157,1.131697546,1.886792453,1.136545542,0.167189133,1.713039867,0,0,2.931596091,0.394866732,0.062412233,0,1.53609831,1.380880121,0.200320513,1.068376068,0,0,1.948413435,0,0,1.499118166,7.407407407,0,2.748585287,2.841357537,0,0,1.626920011,0.235226621,0,0.052910053,0,0.108678777,0,1.326355489,0,12.68406473,2.732030168,3.300512408,0.862944162,4.089219331,12.73415703,5.576102418,1.315789474,19.25702633,0.059701493,0.093319854,0.15884653,0.30816641,4.301075269,0,0,0.052019294,1.508429459,0.71261985,0.279821743,0,1.772547488,0.320170758,0.245066971,0.233493964,0.421052632,3.476070529,0.52042675,1.126373626,0.103492885,0.890485862,13.9688153,4.420926218,0,0,0.002468343,0.794004818,0,6.784565916,10.49963794,5.649597969,1.128171589,29.51148225,10.50341827,5.465353074,2.748885587,2.416843498,0.838212635,5.478723404,0.250508278,2.195986784,3.067805473,6.227367171,0.010750954,0.073815158,0.809633163,0.173083931,0.692320077,6.144946518,9.385470456,0.881704629,0.012495314,0.521826754,0.165049515,3.171881697,3.470243305,1.028999065,0.143964094,7.202420486,2.189771729,0.094082131,0.121979362,0,0.365344468,0.069632495,0.183958793,9.035092999,4.43490701,7.712729437,1.859526666,5.246308637,2.041875757,5.435836656,5.723156533,2.958954175,5.883549453,2.405890589,d__Bacteria, p__Firmicutes, c__Clostridia, o__Lachnospirales, f__Lachnospiraceae,NA,NA,0.999999974,Lachnospiraceae
8b74089f59b28e641f2c8c736707f8b2,0,0,0,0,0,0.227508779,0,0.009719118,0.016245634,0.155666252,0,0,0,0,0,0,0,0,0,0,0,0,0,0,0,0,0,0,0,0,0,0,0,0.063211125,0.062591279,0.181206316,0.230345518,0.449236298,0.032015367,0.551724138,0,0,0,0,0,0,0,0.358422939,0,0,4.05982906,0,3.557312253,66.04193728,2.136752137,4.93441599,20.54673721,7.407407407,0,0.889248181,0,0,0,0,0,0.515463918,1.164021164,20.03467844,74.55364074,1.351351351,0,0.024452867,0,0,0,0,0,0,0.071123755,0,0.221650856,0,0,0.146627566,0,0.137534384,0,0,0.30738674,18.30523514,0,0,0,0,0,0,0,0,0,0,0,0,0,0,0,0,0,0.224619258,0.267642073,0,0,0,0,0,0,0,0,0,0.013779039,0,0,0,0,0,0,0.005375477,0,0,0.0075914,0.20930607,0.545732373,0.137963656,7.924037755,40.71389895,0.46424587,3.020906272,0.385769396,2.515975755,0,0,0,0,0,21.6365015,25.85187271,3.705636743,7.087040619,0.073583517,0,0,0,0,0,0,0,0,0,0,2.174279605,d__Bacteria, p__Proteobacteria, c__Gammaproteobacteria, o__Enterobacterales, f__Enterobacteriaceae, g__Salmonella,NA,0.717139406,Salmonella
4b7cb404fec4c215f8d9180c1c55a1a8,5.208946439,44.11870288,18.98694842,0.139733684,0.073787124,0,0,0,0,0.062266501,2.732298533,1.387324361,0,15.78298921,0.391328654,0.512671697,0.903080148,0.061267002,0.010192121,1.408570941,0,0,0,0,0.021945867,0,0,0.946236559,0,0,0,0,0.231615518,0.12642225,0.834550386,0.427129174,0.150225338,0.449236298,0.080038418,0.054336468,0.384136213,0,0,4.885993485,0.888450148,0,0.45540797,0,0.075872534,0.080128205,0,0,0,0.00463908,0,0,0,0,0,0.404203719,12.20731386,1.863354037,0,0.008186303,0.378657487,0.147275405,0.846560847,0,0,2.066772655,0,0,0.947660009,0.238571648,0.05023611,0.253807107,2.788104089,2.119038129,0.071123755,3.421052632,2.659810267,30.54726368,0.108873163,0.073313783,0,5.176294074,0,0,0.028374161,0,4.629869569,2.300756555,0,3.496264466,0.1547492,0.240841678,2.136221372,0.20414673,0,1.0408535,0,0,0.249960944,2.137919949,0.142610523,0,0,0,0.022303506,0,9.324758842,0.217233888,5.628438426,4.4294484,2.329853862,9.136109385,0.46782982,0,0.912172403,0.640986133,0,2.682979959,13.32097671,0,0.00890472,0.021501908,1.504526606,12.41830065,1.038503583,8.597649332,4.442261515,0,0,0.012495314,1.374743585,0,0,0,2.338634238,4.707414151,4.593018965,0.011458108,0.014474174,1.061550127,0.119684596,0.305696391,0.007736944,3.936718175,0.036116294,4.536434538,0.645397537,4.90784164,0.019600157,13.12799216,0.005387351,10.40620957,0.224908631,3.717264175,2.014379934,d__Bacteria, p__Firmicutes, c__Bacilli, o__Erysipelotrichales, f__Erysipelotrichaceae, g__Breznakia, s__uncultured_bacterium,0.993744414,Breznakia
31de3d22f5b19325735267725f1f49e8,0.367863449,0.382912528,2.237414543,0.049317771,0.682530898,0.044512587,1.299314907,0.058314705,0.869141418,0.75498132,0.403997448,0.681804707,2.005687771,3.143852494,1.59016088,3.73379764,0.306402193,0.269574807,1.854966111,1.62199078,0.122850123,0.097228974,0.876788186,0.403884989,0.775420629,0,0,1.419354839,0,0,0.240192154,0,3.532136653,0.316055626,1.877738368,5.022003624,0.180270406,0.179694519,0.352169041,0.225705329,1.692275748,0,6.666666667,1.954397394,1.283316881,0.031206116,0,0.665642601,0.971168437,0.120192308,0.641025641,0,0,0.111337911,0,0,0.617283951,0,0,2.101859337,1.578531965,0,0,1.211141989,0.344234079,0,0,0.094577554,0.077627698,0.079491256,0.646227514,0.073358601,9.039218545,7.453440049,4.837737366,1.319796954,2.973977695,7.772020725,6.408250356,1.842105263,5.842716553,0.517412935,0.038883272,0.048875855,0,6.051512878,1.051601859,0,0.070935401,1.446317657,0.686706401,0.880920303,0.007459347,1.020557644,0.405549626,1.335192462,0.332853098,0.082934609,3.320357225,0.663544106,0.045787546,0.375161708,0,3.343513905,2.972303535,0,0,0.019746748,0.142742439,1.315789474,6.398713826,5.648081101,4.951333051,3.574772954,5.561586639,1.951522685,3.940778249,2.9346211,7.388320886,3.907550077,0.083586626,2.279988382,2.232250786,0.082795886,2.724844167,0.021501908,0.245326849,1.065771654,0.154864569,3.059088714,0.545732373,0.859316489,0,0,3.987476158,0.040012004,1.014430633,0.998361292,3.274087933,3.69013846,1.157110176,3.227367054,0.38149787,1.997824152,0,3.295556218,0.765957447,1.802796174,4.352013483,4.624117403,7.337391862,4.269822227,4.625637005,3.403126262,2.575153539,5.376455369,5.215068878,11.73150267,1.717485904,d__Bacteria, p__Firmicutes, c__Clostridia, o__Lachnospirales, f__Lachnospiraceae, g__Lachnoclostridium,NA,0.918406919,Lachnoclostridium
8a573680a1bdcad765a979c0819b7fab,0.235432607,0.299150413,0,0.073976656,0.498063088,0,0,0,0,0,0.053157559,0.071144839,0.059871277,0,0.018634698,0.058038305,0,0.159294204,0.040768486,0,3.470515971,0,0.076911244,4.308106549,0.080468178,0,0,0,6.860158311,4.295942721,0,0,0,0.063211125,0,0,0.330495744,0,0.592284296,0.259143156,0,0,0,0,0,0,0.113851992,0,0.015174507,0.093482906,0,0,0,0,0,0,0,0,0,0,0,0,0,0.074107585,0.137693632,0,0.211640212,0,0.077627698,0,0.006356336,0,0,0.019239649,0,0.050761421,0,0,0.611664296,0,34.29382037,23.68159204,0,0.109970674,0,0.337584396,0,0,0,0,0,0.196911597,22.75846636,0.15625763,1.371398079,1.871804622,0,1.716108453,0.595374399,0,0.503663004,7.322121604,0,0,2.101628762,0,0.009528801,15.15316071,30.51565706,0,0.289389068,1.955104996,18.30300466,0.309169553,3.440501044,1.342448726,0.820078155,5.534918276,31.27566346,0.129429892,0.030395137,0,0.008058667,0.008715356,0.516473731,0.03762834,0.054275852,0.259082612,7.163245476,0.41861214,0.851342502,1.151011077,0,0.004165105,0,0.0050015,0,0,0.187090739,0.599144684,0.081174821,5.087399901,0.936685828,0.62638051,0.168966488,4.689830003,2.344294004,3.016924209,3.400951062,0.46610365,0.096123037,0,0,0.836361539,0,0,0.477930841,0,1.664142373,d__Bacteria, p__Campilobacterota, c__Campylobacteria, o__Campylobacterales, f__Helicobacteraceae, g__Helicobacter,NA,0.99999997,Helicobacter
47082eb92759c2179725fe69f11672c5,0,0,0,0,0,0,0,0,0,0,0,0,0,0,0,0,0,0,0,0,8.261670762,8.254739912,10.65989848,10.91451101,11.51426481,7.625111045,12.02702703,10.88172043,2.90237467,2.14797136,20.09607686,15.98440546,0,19.40581542,2.524514918,1.656743464,12.0881322,8.625336927,36.7056187,15.3354232,0.290697674,0,0,0,0,0,0.037950664,0,0,0.053418803,0,0,0,0,0,0,0,0,0,0,0,0,0,0,0,0,0,0.031525851,0,0.158982512,0,0,0,0,0,0,0,0,0,0,0,0,0,0,0,0,0,0,0,0,0,0,0,0,0,0,0,0,0,0,0.293040293,0.491591203,0.15622559,0.409901945,18.49433311,0.13667426,0.209633618,0.266581097,0.432688019,0.67284689,0,0.724112962,0.528988574,0.159043953,0.409185804,0.397762585,0.297209533,1.485884101,0.223220437,0.006163328,0,0,0,0,0,0,0,0,0,0,0,0,0,0,0,0.025007502,0.014287755,0,0,0.004234238,0,0.006365615,0.00103387,0,0,0,0,0,0,0,0,0,0,0,0,0,0,0,1.544493345,d__Bacteria, p__Proteobacteria, c__Gammaproteobacteria, o__Burkholderiales, f__Comamonadaceae, g__Variovorax,NA,0.979756641,Variovorax
4127ed1a1e8f9dac46c2895299b26505,0.14714538,0.179490248,0.435052828,0,0.498063088,0,0,0.714355137,0.219316059,0,5.879226026,2.786506196,0.142194282,1.278783244,1.819988819,6.25846392,18.46476375,13.73606176,9.458288743,0.887826532,0.153562654,0.145843461,0.769112444,0,0,0,0,0,0,0,0,7.797270955,0.463231036,0,0.083455039,0.349469324,0.090135203,1.347708895,0.208099888,0.066875653,0,0,0,0,0.296150049,0,0,0,0,0,0,0,0,0,0,0,0,0,0,0,0,0,0,1.571339322,0.063109581,0,1.058201058,0,0,0,0,0,0,0,0,0,0,0,0.049786629,0,0,0,14.70565363,0,0.770416025,0,0.678650037,8.15394651,1.158611558,0.062111801,3.485358901,3.990050782,0.156646278,0.097661019,6.937033084,8.678751004,8.455462268,11.6108453,18.209297,5.711683581,0.100732601,0.20698577,28.05811592,0,0,0,0,0,0,0,0.803858521,1.520637219,0.105797715,0.289846456,0.283924843,0.298321939,18.08024657,3.751857355,0.019290655,0.073959938,0,0,0,0.130730347,0.011872959,0,0,0,0,0,0,0,0,0,0.413862598,0,0,0,0,0.037049583,0.033945834,0.441773715,0.038253174,0.039560874,0.542100817,0,0,0,0.168542708,0,0.013731862,0,0.05880047,0,0,0.041397154,0.077312342,0,1.429895987,d__Bacteria, p__Proteobacteria, c__Gammaproteobacteria, o__Enterobacterales, f__Hafniaceae, g__Hafnia-Obesumbacterium,NA,0.998599018,Hafnia obesumbacterium
982fe235312fa856fb6b5dc930a8b73e,0,0,0,0,0,0,0,0,0,0,0,0,0,0,0,0,0,0,0,0,38.66707617,41.04035002,40.82448854,35.03221464,39.99268471,0.111045306,0,0.387096774,0.263852243,0,0,0,0,0,0,0.012943308,0,0.449236298,0.160076837,0.020898642,0.425664452,0,0,0,0,0,0,0,0,0,0,0,0,0,0,0,0,0,0,0,0,0,0,0,0,0,0,0,0,0,0,0,0,0,0,0,0,0,0,0,0,0,0,0,0,0,0,0,0,0,0,0,0,0,0,0,0,0,0,0,1.391941392,1.927554981,0.546789564,0.715319081,5.34414171,0,0,0,0.004460701,0,0,0,0,0,0,0,0,0,0,0,0,0,0,0,0,0,0,0,0,0,0,0,0,0,0,0,0,0,0,0,0,0,0,0,0,0,0,0,0,0,0,0,0,0,0,0,0,0,1.312138199,d__Bacteria, p__Proteobacteria, c__Gammaproteobacteria, o__Burkholderiales, f__Oxalobacteraceae, g__Massilia,NA,0.999986863,Massilia
27f2c61858082d5f84b7a3f0a20bb9a5,0,0,0,0,0,0,0,0,0,0,0,0,0,0,0,0,0,0,0,0,0,0,0,0,0,0,0,0,0,0,0,0,0,0,0,0,0,0,0,0,3.64410299,22.22222222,0,2.605863192,2.073050346,2.278046497,1.859582543,1.638504864,1.24430956,1.629273504,17.73504274,1.821862348,1.976284585,0.449990722,1.068376068,1.811367895,11.72839506,7.407407407,1.851851852,4.607922393,0.631412786,20.49689441,21.95121951,0.823800599,20.04016064,4.197349043,0,1.276796974,0.046576619,0.476947536,0.21823421,1.185964054,0.058317539,0.434816069,0,3.401015228,17.84386617,0.086355786,0.597439545,16.05263158,0,0,0,0,0,0,0,0,0,0,0,0,0,0,0,0,0,0,0,0,0,0,0,0,0,0,0,0,0,0,0,0,0,0,0,0,0,0,0,0,0,0,0,0.017430713,0.00593648,0.021501908,0.002171034,0.005888241,0.042511843,0,0,0.015767275,0,0.012495314,0.010796416,0.080024007,0,0.01184608,2.338634238,0.020112631,0.036897646,0.048378678,0.02481287,0,0,0,0,0,0.066213207,0.018459551,0.022886437,0.02181263,0.013066771,0,0.016162052,0.020698577,0.021085184,0.020340707,1.280944212,d__Bacteria, p__Proteobacteria, c__Gammaproteobacteria, o__Burkholderiales, f__Comamonadaceae, g__Curvibacter, s__Curvibacter_lanceolatus,0.840164182,Curvibacter lanceolatus
9cce6aabbfd925399bf1111383f9d0a5,0,0,0,0,0,0.04945843,0.011811954,0,0.016245634,0,0,0,0,0,0,0,0,0,0,0,14.29668305,21.33203695,23.75019228,16.60736609,19.95610827,9.364820847,12.56756757,25.93548387,6.332453826,3.102625298,0.160128102,0,0,0.442477876,0.166910077,0.414185866,2.003004507,3.683737646,1.616776053,0.689655172,0.259551495,0,0,0,0,0,0,0,0.04552352,0.133547009,0,0,0,0.041751716,0,0,0,0,0,0,0,0,0,0,3.878370625,0,0,0,0,0,0,0.048905734,0,0,0,0,0,0,0,0,0,0,0,0,0,0,0,0,0,0,0,0,0,0,0,0,0,0.012759171,0,0.013010669,0.503663004,0.84087969,0.265583503,0.361678187,2.289274187,0.443155933,0.652722855,0.330758028,0.798465519,0,0,0,0,0,0.025052192,0.074580485,0.01100776,0.111441308,0.03858131,0,0,0,0,0,0,0,0,0,0,0,0,0,0,0,0,0.0050015,0,0.000658116,0,0,0,0,0,0,0,0,0,0,0,0,0,0,0,0,0,0,0,0,1.099276284,d__Bacteria, p__Proteobacteria, c__Gammaproteobacteria, o__Pseudomonadales, f__Moraxellaceae, g__Acinetobacter, s__Acinetobacter_schindleri,0.932318372,Acinetobacter schindleri
0ca1de0b0d71831974a9aa9516f27dfc,0.044143614,0,0,0,0,1.14743558,0,0.019438235,0,0,0,0,0,0.021242247,0.037269396,0,0,0,0.030576364,0.017073587,0.368550369,0.661157025,0.261498231,0.076930474,0.673006584,2.021024578,1.081081081,2.88172043,0,0,1.761409127,0,0.05790388,1.706700379,1.335280618,0.854258348,3.465197797,5.660377358,5.618696975,13.1661442,3.062707641,0,6.666666667,0,0.691016782,1.685130286,1.214421252,1.638504864,0.804248862,2.590811966,1.709401709,2.429149798,2.371541502,4.207645203,1.709401709,4.372267333,3.880070547,0,2.057613169,1.212611156,0.526177322,13.66459627,25.36585366,0.415778022,8.605851979,2.393225331,0.158730159,1.765447667,0.139729856,0.476947536,0.466131322,2.873211884,0,1.008157611,0.045212499,12.1319797,2.230483271,0.272352863,0.448079659,3.947368421,0,0,0,0.391006843,0.30816641,0,0,0.2329699,0.01418708,0,0,0,0.626585111,0.063479662,0.016008538,0.012675878,0.024839783,0.044657097,0.041218228,0.078064012,0,0,0,0.032149172,1.411093598,0.057983019,0.014293201,0.059240244,0.084753323,0.254186603,0,0.144822592,0.084638172,0.010404745,0.083507307,0.248601616,0.055038802,0.891530461,0.159836856,0,0.015197568,0.003630555,0.008058667,0,0.00296824,0.021501908,0.006513102,0,0.060731204,0,0,0.023650913,0,0.012495314,0.014395221,0.22006602,0,0.046068089,1.309635173,0.025405428,0.025090399,0.034374324,0.027914478,0.00329674,0.014080541,0.014912019,0.030947776,0.073583517,0.15048456,0.036919101,0.0732366,0.065437889,0.032666928,0.011536021,0.026936753,0.010349288,0.021085184,0.025425884,1.076589719,d__Bacteria, p__Proteobacteria, c__Gammaproteobacteria, o__Xanthomonadales, f__Xanthomonadaceae, g__Stenotrophomonas,NA,0.999999109,Stenotrophomonas
e289fe9035a3575d3f1ab134e5810ee5,0.088287228,0.717960991,0.372902424,0,0,0,0.09449563,1.652249976,0.129965072,0,0.021263024,4.44655244,3.075886843,0.067975189,0.124231319,0.087057458,0.145137881,0,6.849105641,3.21837118,0,0,0,0,0,0,0,0,0,0.238663484,0,0,0,0,0,0,0,0.359389039,0,0.012539185,0.176495017,0,0,6.51465798,4.73840079,0,0,0.256016385,0.728376328,0.040064103,0.854700855,0,0.395256917,0.018556318,0,0.124921924,0,0,0,0,6.52459879,0,0,2.688554256,3.740676994,0,0,0,0,0,0.019069009,0,0.524857851,6.372171772,6.766803979,0.507614213,1.115241636,6.031619503,0.028449502,1.842105263,0.46103378,1.910447761,0,0,0,2.425606402,2.341648325,0.055912776,0.033103187,0,0.025913449,4.238781221,0.044756079,0.014649153,0.112059765,0.249292263,0.039743653,0.133971292,0.187771926,1.990632319,0,0,0,0,1.921489154,0,0.271570823,0,0,0.523325359,0.900321543,0,0.084638172,0,0.734864301,1.727781231,0,0,0,0.030816641,6.664133739,14.24629683,4.254976227,4.222590204,0.00593648,0.016126431,0,3.432844609,0.0075914,0.016100467,0.185549007,0,0,1.686867425,0,0,0,0,2.151543499,0.004234238,0.028042211,0.482513654,1.137256524,0,0,0,0,0,0.126407031,8.05297891,0.865107337,7.230886683,9.074872599,0.121128223,0.037711454,4.858990944,0.028113579,4.134248665,1.045850774,d__Bacteria, p__Firmicutes, c__Clostridia, o__Lachnospirales, f__Lachnospiraceae, g__Roseburia,NA,0.874601952,Roseburia
95d5c26e5a939615d46e26659e68afcb,0.14714538,0.51453871,1.833436917,1.306920927,0.498063088,0.009891686,0.673281361,0.422781611,0.121842255,3.167808219,1.647884329,1.043457639,3.562340967,0.679751891,0.360270824,0.899593732,0.645057249,2.68349467,4.535494063,5.634283763,0,0,0,0,0,0,0,0,0.791556728,0,0.080064051,0,0,0,0.083455039,0,0,0,0,0.02507837,0.124584718,0,0,1.954397394,2.073050346,0,0.037950664,0,0.015174507,0.053418803,0.213675214,0,0,0,0,0.062460962,0.088183422,0,0,3.637833468,2.157327019,0.621118012,0.487804878,0.004308581,0.218014917,0,0.158730159,0,0.031051079,0.079491256,0.004237557,0,0.816445546,0.034631368,5.219531799,0,1.301115242,0.352065896,0.028449502,0.789473684,0.150722582,0.31840796,0,0,0,0.450112528,0.024455857,0,0.037832214,2.679680568,3.662434137,0.870556534,0.007459347,0.620147468,0.208110993,1.550682385,0.884296289,2.462519936,2.953972979,4.488680718,0.293040293,2.289780078,0,0.297379842,0,1.209360116,0.576492448,0.232024288,0,0.19437799,0,0,0.148116801,1.755429047,0.141962422,2.784338098,0.00550388,0.14858841,0.788161049,2.224961479,2.59118541,3.354632588,3.412845515,1.333449538,0.077174236,0.967585873,0,2.169816876,0.121462407,0.016100467,0.73128138,1.793527534,0.361724976,0,1.022060676,0.125037511,3.200457208,7.975702374,0,2.780835839,3.171721644,0.560174163,1.912658699,1.028582732,0.154885948,2.005666567,1.237911025,4.709345107,0.32504665,2.630485948,0.965807662,2.721125532,4.926172743,1.638115014,0.414825989,5.190168176,2.530222097,4.591914569,1.007223537,d__Bacteria, p__Bacteroidota, c__Bacteroidia, o__Bacteroidales, f__Bacteroidaceae, g__Bacteroides, s__Bacteroides_sartorii,0.963063691,Bacteroides
d486760d6f805ff543544452ff88b539,0,0,0,0,0,0,0,0,0,0,0,0,0,0,0,0,0,0,0,0,0,0,0,0,0,0,0,0,0,0,0,0,0,0,0,0,0.04006009,0,0,0,0,0,0,0,0,0.124824466,0.417457306,0.358422939,0.075872534,0,50.64102564,0,0,0.176285025,0,0,25.57319224,12.96296296,0,6.70978173,0,0,0,0,0,0,0,0.299495586,0,0,0.002118779,0,0.029158769,0.015391719,0,1.573604061,27.13754647,0.006642753,0,16.31578947,0,0,0,0,0,0,0,0,0,0,0,0,0,0,0,0,0,0,0,0,0,0,0,0,0,0,0,0,0,0,0,0,0,0,0,0,0,0,0,0,0,0,0,0,0,0,0,0,0.00607312,0,0,0.015767275,0,0,0.021592831,0.070021006,0,0.060546631,0,0,0,0,0,0,0,0,0,0,0.072232589,0.009229775,0,0,0,0,0,0,0,0,0.9032601,d__Bacteria, p__Proteobacteria, c__Gammaproteobacteria, o__Xanthomonadales, f__Xanthomonadaceae, g__Stenotrophomonas, s__Stenotrophomonas_rhizophila,0.926086111,Stenotrophomonas
82edfabb1a0d27400eea1c831119efc0,0.809299588,1.723106378,6.2461156,0,0.479616307,0,0.437042287,0.058314705,0.341158314,2.599626401,0.393365937,0.717377127,3.173177668,1.414733622,0.714330083,2.74714645,0.241896468,0,1.488049738,1.220761482,0.061425061,0,0.123057991,0.028848928,0.029261156,0.014806041,0,0,2.90237467,1.193317422,0,0,7.122177186,0,0,0.595392182,0.030045068,0.628930818,0.160076837,0.058516196,0.062292359,0,0,1.954397394,1.875616979,0,0.64516129,0,0.030349014,0.240384615,0.213675214,0,0,0.009278159,0,0,0,0,0,1.455133387,3.551696922,0,0,0.006462871,0.08605852,0.073637703,0.37037037,0.031525851,0.139729856,0,0,0,0.174952617,0.119285824,0.025118055,0,0,0,0.120910384,1.315789474,2.074652008,0.955223881,0.015553309,0.024437928,0,0.437609402,0.030569821,0,0.028374161,1.259982254,1.243845556,0.497460877,0.02237804,1.401435617,0.208110993,0.74787679,0.536539321,0.172248804,1.186168995,1.2490242,1.227106227,1.241914618,0.718637713,3.054171355,0,0.898736799,1.100576492,2.764544714,0.138281738,1.360645933,2.379421222,1.520637219,0.825222175,0.10702023,2.104384134,2.821628341,1.128295448,0.222882615,2.292832144,2.305084746,3.806990881,3.064188208,2.780240148,0.191737842,0.866726031,0.048379294,1.558802458,0.382735677,6.234058059,0.595717276,1.680855708,0.015767275,0.028259764,0.104127619,1.867779897,0.075022507,0.542934705,1.996064469,0,0.800270991,0.27304258,1.166180758,0.705099045,0.804404444,0.021120811,3.10915598,2.468085106,0.919793966,1.577078192,0.059993539,0.352451137,3.664521758,0,2.924381381,3.210860899,0,2.291256677,1.011950165,0.897207124,d__Bacteria, p__Firmicutes, c__Bacilli, o__Erysipelotrichales, f__Erysipelatoclostridiaceae, g__Candidatus_Stoquefichus,NA,0.718036084,Erysipelatoclostridiaceae
8634a67d3fc918d3322755bb24142164,0,0.418810578,0.403977626,0,0,0.024729215,1.570989842,6.963747692,0.609211274,8.468244085,0.520944078,3.800320152,1.968268223,0.029739145,0.335424561,1.441284581,0.177390743,0.049013601,3.001579779,2.64640601,0,0,0,0,0,0,0,0.516129032,0,0,0,0,0,0,0,0,0.140210315,0,0.064030735,0.037617555,0.155730897,0,0,2.931596091,2.467917078,0.046809175,0,1.126472094,0.379362671,0.30715812,0.641025641,0,0,0.250510299,0.854700855,0.499687695,0,0,0,0.404203719,1.973164957,0,0,0.027574915,0.07458405,0,0,0,0.031051079,0,0.021187787,0.012226434,0.058317539,2.793597045,1.155430523,1.015228426,0.557620818,2.809884416,3.926031294,2.894736842,0.070928274,0.218905473,0,0,0,0.512628157,1.681340181,0.04659398,0.217535231,4.152617569,1.602314935,2.57021453,0.029837386,0.019532204,0.138740662,0.794355009,0.084455264,0.063795853,0.325166018,0.598490762,0,0.310478655,0,0,0.758087518,0,0,0.034556809,0.017842805,0.388755981,3.762057878,0,0.169276344,0.026755057,0.025052192,2.535736482,0.016511641,2.451708767,0,0,3.670212766,1.749927389,2.933354823,8.436465051,5.040071238,0,0.006513102,0.79785668,0,0,0.04365859,1.29685837,0.536935511,1.870132034,0,0.035010503,0,0.696286254,0,0.132319939,0.05313261,0.376844437,1.741036351,0.032967395,0,3.951685058,1.222437137,0,0.168542708,2.330518252,0.050350162,1.374195659,1.489611917,5.196977562,0,1.319534282,2.249086309,3.803712179,0.866040412,d__Bacteria, p__Firmicutes, c__Clostridia, o__Lachnospirales, f__Lachnospiraceae,NA,NA,0.999996819,Lachnospiraceae
427f5142ae52662b7db0bdd5689461f0,0,0,0,0,0,0,0,0,0,0,0,0,0,0,0,0,0,0,0,0,0,0,0,0,0,0,0,0,0,0,0,0,0,0,0,0,0.050075113,0,0.240115255,0.029258098,0,0,0,0,0,0,0,0,0,0,0,0,0,0,0,0,0,0,0,0,0,0,0,0,0,0.036818851,0.052910053,0,0,0,83.69811641,37.32730163,0.291587695,0.019239649,0.010047222,0,0,0,0,0,0,0,0,0,0,0,0,0,0,0,0,0,0,0,0,0,0,0,0,0,0,0,0,0,0,0,0,0,0,0,0,0,0,0,0,0,0,0.408618128,0.011023231,0,0,0,0,0,0,0,0.002171034,0.014720603,0,0,0,0,0,0,0,0.080024007,0,0,0,0,0,0,0,0.125276102,0.028161081,0,0,0,9.895864684,0.618394942,0.119009475,0,0,0,0,0,0,0,0.842143881,d__Bacteria, p__Firmicutes, c__Bacilli, o__Lactobacillales, f__Enterococcaceae, g__Enterococcus,NA,0.999906243,Enterococcus
471cb54e3355495ffbd668b1558444c9,0,0,0,0.189051455,0.571850212,0,0,0,0,0,0.276419307,2.863579771,0.037419548,2.187951398,2.938070688,5.571677307,0.983712304,1.776743046,0.606431229,3.056172102,0,0,0,0,0,0,0,0,0,0,0,0,4.458598726,0.063211125,0.292092635,0,0,0,0,0.016718913,0,0,0,0,0.592300099,0,0.113851992,0,0,0,0,0,0,0,0,0,0,0,0,0,2.262562484,0,0,0.012494884,0.137693632,0,0,0,0,0,0.010593894,0,1.268406473,0.019239649,0.010047222,0,2.416356877,0.411850671,0.06401138,3.157894737,0,0,0,0,0,0.012503126,0,0,0,0,0.613284962,6.518810239,0.014918693,3.98945261,4.429028815,13.71952508,1.336380347,1.480063796,0.17861232,0.93676815,0,0,0,0,0,0,0,0.091328709,0,0.403708134,0.578778135,1.013758146,0.317393144,6.513370097,0.008350731,0.074580485,0.324728934,0,1.543252404,0.006163328,0.296352584,5.213476619,0.012088001,0.104584277,0,0.618179863,0,0.005888241,0,0,0.065487885,0,0,0,0.475042286,0,0,0.347485011,0,0.080450523,0.066415763,2.131208067,7.198833795,0,0,0,0,0,3.810269066,0.018459551,0.8056026,0,0,6.725500375,9.487124232,3.808538163,8.602755131,0.040681414,0.825229035,d__Bacteria, p__Bacteroidota, c__Bacteroidia, o__Bacteroidales, f__Bacteroidaceae, g__Bacteroides, s__uncultured_bacterium,0.825777429,Bacteroides
5fae701def594df66f61c4fa30f25f27,0.691583284,0.287184396,4.878806712,4.62765083,0,0,2.846680841,1.725143357,4.638128503,1.20641345,0.457155007,0.320151776,2.275108517,0.395105786,0.304366731,0,0.387034349,4.300943512,0,0.512207615,0,0.029168692,0,0.028848928,0.036576445,0,0,0,0,0,0,0,10.1910828,0,0.250365116,0.051773233,0,0.628930818,0,0.016718913,0,0,0,0.651465798,1.184600197,0,0.151802657,0,0.060698027,0.080128205,0,0,0.395256917,0,0,0,0,0,0,0,4.70928703,1.863354037,0,0.034037786,0.401606426,0,0.476190476,0,0.093153237,0.158982512,0.006356336,0,2.30354279,0,0.010047222,0,0,0,0.049786629,0.526315789,0.753612909,0.278606965,0,0,0,0.550137534,0.21398875,0.037275184,0.042561241,0.674356699,0.894013993,0.321276816,0,0.415059329,0.101387407,0.025351756,1.132694123,2.009569378,0,0.182149362,1.007326007,1.254851229,0,0.466162996,0,0,0.0047644,0.051835213,0.151663842,0,1.221864952,1.665459812,1.713922979,1.312484207,0.776617954,0.758234929,0.687985029,0,1.537740789,1.084745763,3.06231003,4.425646239,0.012088001,0.527279066,0.934995548,0,0.538416448,5.105105105,0.183711891,1.561745291,0.785854617,0,0.090431244,0.049981257,0.356281714,0,2.771824546,0.001974347,2.432179607,2.634754626,4.587115342,0.152774772,0.278110914,1.737381729,0,5.87533552,2.460348162,8.351729213,0.662132065,0.899903087,1.817183137,0,0,0.057680106,0.010774701,0,1.22294068,1.078057462,0.82428791,d__Bacteria, p__Firmicutes, c__Bacilli, o__Erysipelotrichales, f__Erysipelotrichaceae, g__Faecalitalea, s__uncultured_bacterium,0.983321001,Faecalitalea
c54feaed94b53803cf5bad847674d8b2,0,3.314586574,0,0,1.162147205,0,0,0,0,0,0.010631512,0.664018498,11.24083221,6.015804231,1.223678489,2.427935771,0.499919368,1.862516848,0.056056668,0.025610381,0,0,0.030764498,0.057697856,0,0,0,0,0,0,0,0,0,0,0,0,0,0,0.032015367,0.020898642,0.103820598,0,0,0,1.776900296,0,0.265654649,0,0.015174507,0,0,0,0,0,0,0,0,1.851851852,0,0.970088925,0.894501447,0,0,0.006032013,0.051635112,0,0,0,0,0.079491256,0.002118779,0,0.597754775,0.019239649,9.404199739,0.050761421,0.743494424,0.332137638,0.021337127,0,0,3.562189055,0,0,0,0,0,0,0,0,0.008637816,0.756555083,0.02237804,9.687973046,0.933831377,4.406980183,1.376124,2.63476874,0.018319212,0.234192037,1.474358974,0,0,1.277929593,0,0,0,0.355441463,0,0,0,0,0.275074058,0,0,0.422622747,0,0.520059435,0.614545154,1.066255778,5.303951368,2.566802207,4.396002901,1.520829702,0.00890472,0,3.438917957,0.379791556,0.00151828,0,0,0.039418188,0,0,0,0.080024007,0,2.872016269,0,0,0.004427718,0.174417864,3.816012572,0,0,0,0.13926499,0,0.939023656,3.142738474,1.711905525,0.049078416,6.990722592,0.421064775,0.662644112,4.212160414,1.251054259,2.400203407,0.772167342,d__Bacteria, p__Bacteroidota, c__Bacteroidia, o__Bacteroidales, f__Tannerellaceae, g__Parabacteroides,NA,0.839846026,Parabacteroides
931b95c7ec8076f15d2647ce159fce8f,0.206003531,0,0,0,0.608743774,0,0,0,0,0.101183064,0,7.144127586,0.022451729,0.021242247,13.72134915,0.009673051,2.048056765,0,0.061152729,0,0.030712531,0,0.169204738,0.067314165,0,0.014806041,0,0,0.527704485,0,0,0,0.289519398,0,0,0,0,0,0,0,0.01038206,0,0,0,0,0,0.189753321,0,0.015174507,0.093482906,0,0,0,0,0,0,0,0,0,0,0,0,0,0,0,0,0.052910053,0,0.031051079,0.158982512,0,0.012226434,8.004082228,0,0.015070833,0,0,0,0,0,0.56742619,0,0,0,0,0,0,0,0,0,0,4.705150793,0.014918693,0.014649153,8.271077908,0.046478219,8.351135178,0,0.018319212,0,9.377289377,0,0.234338385,0,0,3.445848002,0,0.172784045,0.053528415,0,0,0.217233888,0,0,0,0,0.049534922,0,0,4.388289676,0,0,0,0.008715356,4.226773523,0,3.009053212,0.002944121,0.276326977,0.032200934,19.91923161,0,0,0.270731809,0,0,0,0,0,0,0,0,0,0.593413114,0,1.014017298,1.16827853,0,0.012038765,0.793760672,8.930287911,0,0,0,0,0,0,0,0.72032998,d__Bacteria, p__Bacteroidota, c__Bacteroidia, o__Bacteroidales, f__Bacteroidaceae, g__Bacteroides,NA,0.999999992,Bacteroides
744d9f0fc700fd631a47dccf094e1423,3.148911124,1.81883451,0.62150404,0.230149597,1.199040767,0,0.354358611,0.063174264,0.503614654,0.96513076,0.074420583,0.249006937,0.314324203,0.403602685,0.267097335,0.145095763,0.096758587,0.085773802,0.117209397,0.964657675,0.445331695,0.661157025,0,0.317338206,0,0.044418123,0,0.47311828,2.90237467,7.398568019,0,0,2.142443544,0.600505689,0.354683914,0,0.04006009,0,0,0,0.373754153,0,0,1.628664495,0.197433366,0,1.783681214,0,0.015174507,0.587606838,0,0,1.185770751,0,0,0,0.088183422,0,0,0.323362975,1.420678769,0,0,0.140890584,0.045897877,0,0,0,0,0,0.014831451,0,0,0.881175927,0.070330554,0.101522843,0.185873606,1.966254816,0.405405405,0,0.718148772,0.218905473,0,0.012218964,0,0.150037509,0.024455857,0,0,0.221827862,0.090697072,0.103637683,0,0,0.053361793,0.021126463,0.158974614,0.031897927,0.054957637,0.247202706,0.283882784,0.245795602,1.67161381,0.602796978,1.043308564,0.256781942,0.433560436,8.478759904,2.930680703,6.294856459,0.192926045,0,0.232754972,0.176880658,0.150313152,0.348042262,0.077054323,0,0.327941136,0.573189522,0.129179331,0.43566657,1.490853413,0.366044971,0.299792223,14.79868838,0.178024793,0.474003415,10.03127657,0.241507004,0.174634359,0.149789113,1.0286554,0.137448457,0.169143844,1.135340602,0.542934705,0.213229439,0.841908326,0.749460135,0.274518486,0.43158873,0.108556305,0.178023934,0,0,0.239845261,0.110375276,0.096310119,0.216899718,0.064082025,0.316283128,0.078400627,0.496048913,0.199331969,0.507115136,0.23896542,0.411899314,0.64812388,d__Bacteria, p__Firmicutes, c__Clostridia, o__Lachnospirales, f__Lachnospiraceae, g__Blautia,NA,0.991538,Blautia
65f1d29871c8da3b9207a0baeea0f9af,0,0.155558215,0.341827222,0,0.571850212,0,0,0,0.552351556,0.762764633,0.627259196,0.95452659,2.836401736,0.875180559,0.801292006,2.108725092,0.145137881,0.232814606,1.065076696,2.364691822,0.552825553,0.058337385,0,0.326954515,0.460863204,0,0,0,0,0.954653938,0,0,0.173711639,0,0.563321511,2.278022262,0.150225338,0,0.160076837,0.071055381,0.124584718,0,0,0.977198697,0.394866732,0,0.037950664,0.153609831,0.440060698,0.080128205,0,0,0,0.171645945,0,0,0,0,0,1.131770412,1.104972376,0,0,0.047825244,0.304073437,0,0,0.031525851,0.077627698,0,0.254253448,0,1.414200321,5.133138372,0.432030544,0,0.92936803,0.066427528,1.244665718,1.315789474,0.443301711,0.378109453,0,0,0,1.912978245,0,0,0,1.206743567,0.431890818,0.435278267,0.014918693,0.180672884,0.144076841,1.276038366,0.263301704,0.038277512,1.0441951,0.221181369,0.43040293,0.620957309,0.140603031,2.628194824,0.855663139,0.041416442,0.147696412,1.071261077,0.267642073,0.19437799,2.733118971,0.217233888,0,0.157557561,1.511482255,0.894965817,0.220155209,3.714710253,0.879102709,0.998459168,0.600303951,1.437699681,1.579498751,0.474986927,1.549421193,0.059130248,0.271379258,0.153094271,0.012146241,0.660119143,1.211525868,1.750167527,0.486067936,0.116622933,0.874509663,0.155046514,0.671524504,1.785467492,1.683816651,2.074776644,2.120876688,0.854265599,1.012158306,0.286816339,0,0.342976439,0.580270793,0.147167035,2.058628785,0.946051964,1.405227262,3.773584906,0.333202666,1.609274961,0.808102575,0.051746442,1.370536969,4.368166794,0.641807247,d__Bacteria, p__Firmicutes, c__Clostridia, o__Lachnospirales, f__Lachnospiraceae,NA,NA,0.999999229,Lachnospiraceae
e541825ce8b86c18c3108e8dc20a1675,0.014714538,1.376091899,0,0,0.53495665,0,0,1.195451453,1.129071562,0,0.616627684,3.486097113,2.080526867,3.267057524,0.012423132,0.822209325,0.467666505,1.225340032,0,0.008536794,0,0,0.030764498,0,0.029261156,0,0.27027027,0.258064516,0,1.909307876,0,0,0.231615518,0,0,0,0,0,0,0,0.114202658,0,0,2.605863192,0,0,0,0,0,0,0,0,0.790513834,0,0,0.124921924,0.352733686,0,0,3.395311237,1.052354644,0.621118012,0,0.007324587,0.149168101,0,0,0,0,0,0.004237557,0,1.13719201,0.00769586,0,0,0,0,0,0.789473684,0,1.333333333,0,0,0,0,0.018341893,0,0,0,1.040856871,1.689294227,0,6.733727233,0,1.499978874,2.066669979,1.346092504,0,0.156128025,0.045787546,1.293661061,0,0.024111879,0.015011634,0.024849865,4.688169994,0.153037297,0.026764207,0.403708134,0.096463023,0,0.846381718,0,0.041753653,1.081417029,0.022015521,0.111441308,0.303138865,0,1.983282675,0.653499855,2.06704811,3.146243681,0,0.005375477,0,0.500500501,0.010627961,3.477700853,3.983846322,2.294138516,0.367376929,0.00833021,4.66045273,0.080024007,0.928704101,4.195486644,0.467726848,1.165474023,0.935724301,0.035647447,2.588809396,0,0,0,0,0,0,0.184595505,1.382340825,0,0,1.020937879,0.802715225,0,0.562271577,2.33409611,0.60141316,d__Bacteria, p__Bacteroidota, c__Bacteroidia, o__Bacteroidales, f__Rikenellaceae, g__Alistipes,NA,0.999999811,Alistipes
01993aba463e74b6c31b2cebdc8f5ff1,0,0.059830083,0,0.024658885,0.516509869,0,0,0,0,0,0.095683606,0.041501156,0.00748391,0.021242247,1.372756072,1.354227123,0,0,0.086633033,0,10.30405405,1.127856101,0.199969236,5.529377825,0,0.014806041,0,0,0,0,0,0,0,0,0,0,0,0.08984726,0.208099888,0.020898642,4.744601329,0,0,3.25732899,1.875616979,0,0,0,0,0,0,0,0,0,0,0,0,0,0,0.080840744,0,0,0,0.025420625,0.395869191,0,0,0,0,0,0.18433375,0,0.116635078,0.050023088,0,0.558375635,0,0.026571011,0,0,0,0,0,0,0,0,0,0,0,0,0.220264317,0.134728987,0,0,1.467449306,1.195757806,0.004967957,0,0,0.013010669,22.59157509,0.413971539,0.531167005,0.088410223,0.022517451,0,0,0.054303557,0.664644482,0,0,0,0,0.104047446,3.39874739,0,0.132093126,0,1.554275636,7.839753467,0.060790274,0.442927679,0.120880006,0.200453199,0,0,0.119406873,0,0.00607312,0,1.768172888,0.027592731,0,0,0.277108,0,0,0,3.367633302,5.547910404,1.657442255,0.019096846,0.727844175,0,0,0.410080525,0,0.367917586,1.781737194,0,0.187668787,0.02181263,0,4.256791832,0.113134361,0,0.021085184,0,0.597001878,d__Bacteria, p__Firmicutes, c__Clostridia, o__Lachnospirales, f__Lachnospiraceae,NA,NA,0.999999983,Lachnospiraceae
cdd34c161813f6bb82f0815a945f8bce,1.000588582,1.519684097,1.056556868,0.049317771,3.652462645,0.004945843,0.200803213,0,0,3.930572852,0,0.616588605,0.404131118,0.12320503,0.055904093,0.609402205,0,0.0122534,0.045864547,0,0.076781327,0.106951872,0,0.221175113,0.021945867,0,0,0.172043011,0,2.386634845,0,0,3.126809496,0.12642225,4.026705612,0.168263008,0.070105158,0.359389039,0.208099888,0.10031348,3.65448505,0,0,1.954397394,1.184600197,0,0,0,0.121396055,0,0,0,0,0.069586194,0,0.124921924,0.176366843,0,0,0.323362975,0.447250723,0,0,0.849221224,0.958118187,0,0,0,0.062102158,0,0.023306566,0,0,2.462675081,0.10549583,0.152284264,0.557620818,6.197688322,1.450924609,1.315789474,0.06206224,0.019900498,0,0.012218964,0,0.350087522,0.018341893,0,0.061477348,1.366459627,0.025913449,0.176184061,0,0,0,0.01690117,0.01490387,0,0,0.013010669,0.183150183,0.63389392,0.281206062,1.687831538,4.435937852,0.053841375,1.133927295,0.51588379,1.235614239,0.792464115,0.868167203,0.651701665,0.042319086,1.65732717,0.35908142,0.174021131,0.418294898,2.488855869,4.817152148,0.61633282,0.060790274,0.021783328,1.56741075,0.091511243,0.151380232,0,0.017368273,0.376847436,0.192821572,0.966028015,0.905915739,0.090661831,0.045215622,0,0,0.265079524,0.128589799,0.264562452,1.309635173,1.233221832,0.014759058,1.066877156,0.90773748,0.032967395,0,0,2.143133462,1.582045622,0.108348883,0.013844663,0.032041012,0.730723089,0.032666928,1.361250505,1.190604461,1.376455369,1.300253022,0.020340707,0.578688935,d__Bacteria, p__Firmicutes, c__Clostridia, o__Lachnospirales, f__Lachnospiraceae,NA,NA,0.999999922,Lachnospiraceae
cb081bb5948f790018b39136283a3b98,16.78928782,1.411989949,2.268489745,1.043892816,2.600996126,0,0.330734704,0.029157353,0.389895216,1.089663761,0.170104189,0.231220727,1.66891184,0.378111989,0.118019753,0.164441865,0,0.024506801,0.132497579,0.324398156,0.015356265,0.204180846,0.353791724,0.067314165,0.036576445,0,0,0.129032258,0,0,0,0,2.837290098,0,0.083455039,0.68599534,0.030045068,0.179694519,0.048023051,0,0.041528239,0,0,0,0,0,0.265654649,0.051203277,0.197268589,0.040064103,0.427350427,0,0,0,0,0,0,0,0,0.727566694,1.289134438,0,0,0.490316465,0.114744693,0.184094256,0,0.094577554,0.062102158,0.238473768,0.127126724,0,0.539437236,1.835462521,0.46719582,0.152284264,0,0.863557858,4.054054054,0,3.812394716,0.278606965,0.108873163,0.048875855,0.30816641,0.450112528,0.04279775,0,0.01418708,0.505767524,0.051826898,0.186547829,0.029837386,0.009766102,0.026680896,0.076055267,0.07451935,0.019138756,0.009159606,0.039032006,0.018315018,0.21992238,0.484299328,0.064298344,3.377617654,0,0.033350803,0.394934959,0.093674726,1.569976077,0.803858521,0,1.671603893,0.154584776,0.626304802,0.111870727,0.335736694,0.29717682,0.391324717,0.154083205,0.417933131,0.28318327,0.282053348,0,0.100920154,0.016126431,0.026052409,1.501501502,1.626077979,0.161004669,0.054573237,0.09460365,0.06217148,0.25407139,0.338287688,0.935280584,1.143020431,2.006594318,0.935453695,0.550450946,0.14168696,0.827530014,0.052727348,0.154946758,0.00704027,1.990754548,0.015473888,4.157468727,0.728345272,0.27227837,0.75067515,1.526884066,0.169868026,0.392224722,0.603383256,0.403622251,0.695811077,0.294940249,0.55044667,d__Bacteria, p__Firmicutes, c__Clostridia, o__Lachnospirales, f__Lachnospiraceae,NA,NA,0.999999755,Lachnospiraceae
a8a2ce4676ea626d7d3734fb97677b63,1.103590347,1.902596626,1.056556868,0,0.88544549,0,0.153555398,2.327728642,0.471123386,1.673412204,0.042526047,0.142289678,0.142194282,0,0.043480962,0,0,0,0.091729093,1.092709578,0,0.155566359,0.184586987,0.682757957,0.102414045,0,0,0.301075269,2.90237467,1.909307876,0,0,0.347423277,0,0,0.427129174,0,0,0,0,0.062292359,0,0,0,0,0,0,0.051203277,0.060698027,0,0.213675214,0,0,0.064947114,0,0,1.76366843,5.555555556,0,3.799514956,2.367797948,0,0,1.881126263,0.154905336,0,0,0,0.031051079,0.079491256,0,0,0.335325849,0.076958596,0,0,0,4.643284177,0.170697013,0,4.78765848,2.308457711,0.015553309,0,0,0.23755939,0.207874786,0,0,0.603371783,0.038870174,0.860192766,0,0,0.058697972,0.021126463,0.01490387,0,0.160293107,0.234192037,0.119047619,0.336351876,0.874863303,1.068959974,1.373564512,0,0.695602458,5.220546491,0.049067713,0.284090909,0.192926045,0.579290369,3.766398646,0.002972784,0.35908142,0.074580485,0.181628048,0,0.052360349,0.061633282,0,0.007261109,0.282053348,0.12201499,0,0,0,0.158982512,0.242924815,0.46691354,0,0.473018251,0.06217148,1.199550169,0,2.530759228,0.857265324,7.373526644,1.590271282,0.214887581,0.126927902,0.189695342,0.017575783,1.86925131,0,0.991649269,0.324951644,0.404709345,0.006019382,0.189210393,0.05492745,0.163594721,0,0.346080637,0,0.812419146,0.028113579,0.091533181,0.541099647,d__Bacteria, p__Firmicutes, c__Clostridia, o__Lachnospirales, f__Lachnospiraceae,NA,NA,0.99999979,Bacteroidaceae
0f4013b00115275df5e0ab6306716e8e,0,0.694028958,0.031075202,5.844155844,1.162147205,0,0.236239074,0.50539411,0.105596621,0.51369863,2.615351903,1.879409498,0.763358779,0.446087178,0.708118517,0.522344748,0.2580229,0.820977821,0.74912093,0.717090661,0,0,0.107675742,0.028848928,0.014630578,0,0,0,0,0,0,0,0,0,0,0,0,0,0.016007684,0.004179728,0.01038206,0,0,0,0.296150049,0.015603058,0.417457306,0.051203277,0,0.093482906,0,0,0,0,0,0.062460962,0,3.703703704,0,0.727566694,0.342015259,0,0,0,0.017211704,0.073637703,0.052910053,0,0,0,0,0,0.087476308,0.019239649,0.015070833,0,0.371747212,0.146140561,0,0,0.053196205,0.835820896,0,0,0,0.512628157,0.012227929,0,0.01418708,0.363797693,4.275719098,2.611669603,0,0.400410176,0.75773746,0.895762032,0.019871827,0.784688995,0.755667506,0.455373406,2.032967033,3.842173351,0.15622559,0.699244494,0.007505817,1.114102299,1.257801706,0.108607114,0.026764207,0,0.064308682,0,0.148116801,2.00068374,0.175365344,0.435052828,0.033023281,0,0.4905338,0.536209553,0.805471125,0.003630555,0.028205335,2.183196793,2.511130899,1.3599957,5.636004429,3.300359183,0.127535528,1.191434552,0.895001091,1.765934802,0,0.020825524,0.543419585,0.015004501,0.514359194,1.342555726,0,0.568446458,0.401446388,0.008911862,0.081675696,0.089011967,0.021120811,0.014912019,0.278529981,2.501839588,0.463492446,0.479948313,0.123586762,2.099465591,0,0.571033051,0.296304278,2.276843467,1.201855496,0.579710145,0.540675083,d__Bacteria, p__Bacteroidota, c__Bacteroidia, o__Bacteroidales, f__Bacteroidaceae, g__Bacteroides,NA,0.999999099,Bacteroides
4b0728eafc19e8e712a7483e055fa79a,0.014714538,0,0,0,0.036893562,0,0,0,0,0,0,0,0,0,0,0,0,0,0,0,0.168918919,0.350024307,0.199969236,0,0,0.17026947,1.756756757,1.161290323,0,0,0,0,0,0,0,0,0,0,0,0,0,0,0,0,0,0,0,0,0,0,0.641025641,0,0,0.24123214,0,0,7.936507937,0,0,0.565885206,0,0,0,0,0,0,0,0.078814628,0.01552554,0,0,0,0,0,0,0,0,0,0,0,0,0,0,0,65.6394453,0,0,0,0,0,0,0,0,0,0,0,0,0,0,0,0.073260073,0.181112549,0,0,0.232680327,0.169807414,0.11911001,0.209809197,0,0,0,0,0,0,0,0,0,0,0,0,0,0,0,0,0,0,0,0,0,0,0,0.153730931,0,0,0.165545039,0.060018005,0,0.315895465,0,0,0,0,0,0.049451093,0,0.044736057,0,0.735835173,0,0,0,0,0,0,0,0,0,0,0.515748512,d__Bacteria, p__Firmicutes, c__Bacilli, o__Mycoplasmatales, f__Mycoplasmataceae, g__Ureaplasma, s__uncultured_Ureaplasma,0.788141795,Ureaplasma
232847d3f802b6c91083b3aad6fc673f,8.593290171,3.757329185,0.31075202,0.041098142,1.844678104,0,0.22442712,0.170084556,0.089350987,2.226027397,0,0.456512717,1.130070349,0.679751891,0.142866017,0.077384407,0,0.098027203,0.005096061,0,0,0,0,0.096163093,0,0,0,0,0.791556728,1.193317422,0,0,0.347423277,0.221238938,2.754016274,0.84131504,0,0,0,0.008359457,0.155730897,0,0,0,0,0,0.531309298,0,0.606980273,0.30715812,0,0,1.185770751,0.329374652,0,0.624609619,0,0,0,0.565885206,2.683504341,0,0,1.869062237,0.16064257,0,0,0,0.031051079,0,0.105938937,0,0,0.81960905,0,0,0,0.006642753,1.507823613,0.263157895,1.223512723,1.751243781,0.046659927,0.012218964,0,0,0.030569821,0,0.018916107,1.428571429,0.017275633,0.393823194,0,0.854533913,0.07470651,0.021126463,0,0.114832536,0,0.052042675,0.238095238,0.103492885,0,0.088410223,0.570442093,0.273348519,0.038115203,0.291264532,2.66303863,0,0.353697749,0,2.369868811,3.048590157,0.743215031,0.484773151,0.286201772,0,0.2452669,0.332819723,0,0.06898054,0,0.396548719,0.118729593,0.053754771,0.458088187,2.758640994,3.009231143,3.928513927,0.392927308,1.064291064,0.785621432,1.815985672,0.54701839,0.020006002,0.52864695,0.332348354,1.96445276,0.622432993,0.674488968,0.799521306,0.106488565,0.636270728,0,0,0.765957447,0.331125828,0.764461566,0.216899718,0,0.56167521,0,0.069216127,0.42560069,0.010349288,0.499016025,0.106788711,0.511766716,d__Bacteria, p__Firmicutes, c__Clostridia, o__Lachnospirales, f__Lachnospiraceae,NA,NA,0.999999877,Lachnospiraceae
17d2296cc942354209a747a1252cc6ba,0,0,0,0,0,0,0,0,0,0,0.010631512,0.01778621,0,0,0.39754022,0.048365254,0,0.073520402,0.035672425,0,0.061425061,0.029168692,0.323027227,0.115395711,0,0.355344981,2.972972973,2.408602151,6.332453826,13.12649165,0,0,0,0.031605563,0,0,0,0,0,0,0.031146179,0,0,0.325732899,0,0,0,0,0,0,0,0,0,0,0,0,0,0,0,0,0.105235464,0,0,0,0.063109581,0,0,0,0.062102158,0,0,0,0.058317539,0.065414807,0,0,0.185873606,0.033213764,0.305832148,0,0,0,0,0,0,0,0,0,0,0,0.030232357,0,0,0,0.048025614,0,0.154006657,0,0.004579803,0,0.073260073,0,12.48242462,0,0,10.93808242,15.02691886,0.017278404,0,0.074760766,0.321543408,0,0,0.031214234,0,0,0,0.631500743,0,0,0,0.010891664,1.245064066,0,0,0,0,0.032385327,0.059212924,0,0.818598559,0,0.186514441,0.449831313,0.032389247,0.025007502,0.071438777,0,0.935453695,1.127365881,0.993284628,0.025462462,0.008270957,0,0,0,6.19729207,0,0.012038765,0,0.09154575,0.02181263,0,0,0,0.025873221,0.196795052,0,0.50617936,d__Bacteria, p__Firmicutes, c__Clostridia, o__Lachnospirales, f__Lachnospiraceae, g__uncultured, s__uncultured_bacterium,0.844649697,Lachnospiraceae
21f535a00de7dc936baa7fc5e8e1a686,0,0,0,0,0,0,0,0,0,0,0,0,0,0,0,0,0,0,0,0,1.765970516,2.148760331,3.107214275,2.673333974,2.772494514,4.538051525,3.648648649,3.225806452,0.527704485,0.715990453,7.526020817,6.822612086,0,5.87863464,1.16837054,0.776598499,5.25788683,2.785265049,6.451096526,5.224660397,0,0,0,0,0,0,0,0,0,0,0,0,0,0,0,0,0,0,0,0,0,0,0,0,0,0,0,0,0,0,0,0,0,0,0,0,0,0,0,0,0,0,0,0,0,0,0,0,0,0,0,0,0,0,0,0,0,0,0,0,0.064102564,0.168175938,0.031245118,0.10448481,5.524281318,0.049699731,0.038115203,0.029620122,0.093674726,0.418660287,0,0.579290369,0.126957258,0.052023723,0.12526096,0.323182101,0.071550443,0.482912333,0.068895197,0,0,0,0,0,0,0,0,0,0,0,0,0,0,0,0,0,0,0,0,0,0,0,0,0,0,0,0,0,0,0,0,0,0,0,0,0,0,0,0.477007929,d__Bacteria, p__Proteobacteria, c__Gammaproteobacteria, o__Burkholderiales, f__Oxalobacteraceae, g__Massilia,NA,0.999741851,Massilia
ee6589c7a711e285692dc56a1bb6d461,0,0,0,0,0,0,0,0,0,0,0,0,0,0,0,0,0,0,0,0,0,0,0,0,0,0,0,0,0,0,11.60928743,9.941520468,0.752750434,11.8204804,5.633215105,1.423763914,9.514271407,8.445642408,4.658235953,5.187042842,0.083056478,0,0,0,0,0,0,0,0,0,0,0,0,0,0,0,0,0,0,0,0,0,0,0,0,0,0,0,0,0,0,0,0,0,0,0,0,0,0,0,0,0,0,0,0,0,0,0,0,0,0,0,0,0,0,0,0,0.019138756,0,0,0,0,0,0,0,0,0,0,0,1.076555024,0.38585209,0.506879073,0.317393144,0.090669917,0.12526096,0.31075202,0.132093126,0.780089153,0.126767162,0,0,0,0,0,0,0,0,0,0,0,0,0,0,0,0,0,0,0,0,0,0,0,0,0,0,0,0,0,0,0,0,0,0,0,0,0,0,0,0.461650109,d__Bacteria, p__Firmicutes, c__Bacilli, o__Brevibacillales, f__Brevibacillaceae, g__Brevibacillus, s__Brevibacillus_agri,0.737331523,Brevibacillus agri
e5c57220db542d1fa35c9e7cf1105a74,9.137728075,1.495752064,1.118707272,0.024658885,0.627190555,0,0,0,0,0,0.340208378,0.059287366,0.291872474,1.266037896,0.142866017,0.10640356,0.064505725,1.752236246,0.229322734,0.392692505,0,0,0,0.028848928,0.343818581,0,0,0.129032258,0,0,0,0,1.679212507,0,2.628833716,0.880144965,0,0.359389039,0.112053786,0,0,0,0,0,0,0,0.759013283,0.204813108,0.257966616,0.427350427,0,0,0,0.097420672,0,0.312304809,0.088183422,0,0,0.889248181,3.867403315,0,0,0.022835477,0.028686173,0,0,0,0,0,0.137720618,0,1.195509549,1.777743574,0.658093037,0,0,2.318320712,1.017069701,0,2.863729054,0.457711443,0.077766545,0,0.30816641,0.525131283,0,0,0,0,0.151161786,0.06218261,0,0.05371356,0.069370331,0.012675878,0.188782354,0.325358852,0.036638425,0.130106687,0.045787546,0,0,0,0.885686407,0,0.0047644,0.118480488,0.25425997,0,0.353697749,0.796524258,1.438848921,0.729818512,1.21085595,0,0.23116297,0,0.793672665,0.036979969,0.136778116,0,0,0.213526233,0.445235975,0.059130248,0.169340657,3.241476771,5.669257865,3.381098052,0.098231827,0.149789113,0.073475386,2.186679995,0.90689891,0.010003001,0,0.299442576,0,0.038108142,0.968194229,0.276267712,0.025846739,0.006593479,0,0,0.046421663,0,0.692228977,0.216899718,0.746097862,0.763442033,0.849340128,0.138432255,0.096972309,0.641655886,0.709867866,0,0.460064905,d__Bacteria, p__Firmicutes, c__Clostridia, o__Lachnospirales, f__Lachnospiraceae, g__Blautia,NA,0.923213021,Blautia
0a1f5ed70dcb37a86924dbd5fde981af,0,0,0,0,0,0,0,0,0,0,0,0,0,0,0,0,0,0,0,0,0.952088452,2.586290715,3.353330257,1.278969132,2.750548647,0,0,0,0,0,4.483586869,3.313840156,0.173711639,3.761061947,1.356144377,2.316852187,15.40310466,13.29739443,6.755242516,6.13584117,0.093438538,0,0,0,0,0,0,0,0,0,0,0,0,0,0,0,0,0,0,0,0,0,0,0,0,0,0,0,0,0,0,0,0,0,0,0,0,0,0,0,0,0,0,0,0,0,0,0,0,0,0,0,0,0,0,0,0,0,0,0,0,0.051746442,0,0.032149172,0.720558433,0,0,0,0,0.388755981,0,0,0.126957258,0.040132586,0.100208768,0.484773151,0.132093126,0.817236256,0.110232315,0,0,0,0,0,0,0,0,0,0,0,0,0,0,0,0,0,0,0,0,0,0,0,0,0,0,0,0,0,0,0,0,0,0,0,0,0,0,0,0.449470185,d__Bacteria, p__Proteobacteria, c__Gammaproteobacteria, o__Pseudomonadales, f__Moraxellaceae, g__Enhydrobacter,NA,0.797952197,Enhydrobacter
e7dda14f2020bb1da5af99886b9c1cfd,0,0,0.652579242,0,0,0,0,0,0,0.007783313,0,0,0,0.777466225,1.16156283,0,0.112885019,0,0.020384243,0,0.383906634,0.106951872,0,0.326954515,0,0,0,0,1.055408971,0,0,0,0,0,0.125182558,0,0,0,0,0,1.796096346,0,0,1.628664495,0.789733465,0,0.151802657,0.051203277,1.820940819,0.053418803,0,0,0,0,0,0.187382886,0,0,0,0.404203719,0,0,0,0.061612702,6.230636833,0,0,0,0,0,0,0,2.011955095,0.746498384,0.020094444,0,0,0.013285506,0.768136558,0,0.390105506,0,0.015553309,0,0,4.076019005,0,0,0.056748321,0.035492458,0.025913449,0.031091305,0,1.113335612,0.709711846,0,0,0,0,0,1.84981685,0,0,0,0,0.583971837,0.066701606,0,0,0,1.479099678,0,0.021159543,0.127829719,0.133611691,0.099440646,0,0,0.008267424,6.409861325,0.037993921,0,0.016117334,0.052292139,0.00296824,0.010750954,0.002171034,3.903903904,0.746993805,3.799710192,1.309757695,0.015767275,0,0,0,0.025007502,0,0.791054893,0,0,2.272894989,0.387029422,10.53926637,0,0,0,0.216634429,0,0.02407753,0.826064885,2.645672175,1.003380958,0.026133542,0,2.04180584,0,1.152656733,0.035596237,0.446747877,d__Bacteria, p__Firmicutes, c__Clostridia, o__Lachnospirales, f__Lachnospiraceae, g__Lachnospiraceae_NK4A136_group,NA,0.811806256,Lachnospiraceae NK4A136
dc2b422a0693638b980c512c56721361,0,0,0,0,0,0,0,0,0,0,0,0,0,0,0,0,0,0,0,0,0,0,0,0,0,0.125851347,0,0.258064516,0,0,16.65332266,10.91617934,0.463231036,18.42604298,8.595868976,0.68599534,2.96444667,1.976639712,1.904914359,1.784743992,0.145348837,0,0,0,0,0,0,0,0,0,0,0,0,0,0,0,0,0,0,0,0.13154433,0,0,0,0,0,0,0.031525851,0,0,0,0,0,0,0,0,0,0,0,0,0,0,0,0,0,0,0,0,0,0,0,0,0,0,0,0,0,0,0,0,0,0,0,0,0,0,0,0,0,1.898923445,0.38585209,0.651701665,0.57130766,0.108506622,0.100208768,0.074580485,0.214651329,0.334323923,0.049604542,0,0,0,0,0.004357678,0,0,0,0,0,0,0,0,0,0,0,0,0,0,0,0.005292798,0,0,0,0,0,0,0,0,0.012038765,0,0,0,0,0,0,0.005174644,0,0,0.439748382,d__Bacteria, p__Firmicutes, c__Bacilli, o__Paenibacillales, f__Paenibacillaceae, g__Paenibacillus, s__Paenibacillus_validus,0.99999242,Paenibacillus
0aa6767415c3c1d08d147c80b16ec596,0.029429076,0.107694149,0,0.057537399,0.147574248,9.278401504,0.271674935,0.510253669,0.170579157,0.217932752,0.23389326,0.924882907,0,0.06372674,0.646002857,0.135422712,0.112885019,0.036760201,0.229322734,0.076831142,0,0,0,0,0,0,0,0.172043011,0,0,0,0,0,0,0,0.284752783,1.50225338,2.066486972,0.368176725,0.672936259,0,0,0,0,0,0,0,0,0,0,0,0,0,0,0,0,0,0,0,0,0,0,0,0,0,0,0,0,0,0,0,0,0,0,0,0,0,0,0,0,0.913201525,0.039800995,0.209969671,3.103616813,1.694915254,1.750437609,1.73636586,19.56015283,0.515463918,0.700976043,0.328237022,0.041455073,7.735342384,0.029298306,0.213447172,0.363375164,0.591186845,7.208931419,0.196931532,3.460837887,0,0,0,0,0,0,0,0,0,0,0,0,0,0,0,0.049720323,0.00550388,0.185735513,0.002755808,0,0,0,0,0,0,0,0,0,0,0,0,0,0,0,0,0,0,0,0,0,0,0,0,0,0,0,0,0,0,0,0,0,0,0,0,0,0,0,0.436424762,d__Bacteria, p__Proteobacteria, c__Gammaproteobacteria, o__Pseudomonadales, f__Moraxellaceae, g__Acinetobacter, s__Acinetobacter_lwoffii,0.942538201,Acinetobacter iwoffii
f330a8d2204597dbe97585c4185570bd,0,0.095728132,0.062150404,0,6.087437742,0,12.4734231,0.524832345,0.008122817,0,0,0,0,0,0,0,0,0,0,0,0,0,0,0,0,0,0,0,0,0,0,0,0,0,0,0,0,0,0,0,0,0,0,0,0,0,0,0,0,0,0,0,0,0,0,0,0,1.851851852,0,0.565885206,0,0,0,0,0,0,0,0,0.062102158,0.556438792,0,0,0,0,0,0,0,0,0,0,0,0,0,0,0,0,0.195646857,0,0,0,0,0,0,0,0,0,0,0,0,0,0.009157509,0.401034929,0,0,0,0,0,0,0,0,0,0,0,0,0,0,0,0,0,0,0,0,0,0,0,0,0,0,0,0,0,0.019709094,0.067823433,0,0,8.167450235,0,0.17308439,0,0,0,0,0,0,0,31.38234417,0,0,0,0,0,0,0,0,0,0,0,0,0.396862172,d__Bacteria, p__Bacteroidota, c__Bacteroidia, o__Bacteroidales, f__Bacteroidaceae, g__Bacteroides, s__Bacteroides_fragilis,0.992963015,Bacteroides fragilis
b587fe14b9d8d45fbcc2e6cfb9383a93,0,2.165848989,0.186451212,0,0,0,0,0,0,0,0.021263024,0,0.052387367,0,0,0,0.048379294,0.024506801,0,0,0.276412776,0.311132718,0,0.480815463,0.168251646,0.029612082,0,0.215053763,0,2.625298329,0,0,0,0,0.041727519,0,0.160240361,0,0.192092204,0.091954023,0,0,0,0,0.592300099,0.062412233,0.189753321,0.51203277,0.121396055,0.186965812,0,0,0,0,0,0,0,0,0,0,0,0,0,0,0.08605852,0,0,0,0,0,0,0,2.405598484,0,1.235808299,0,0,0,3.349928876,0.263157895,0,0.696517413,0,0,0,0,0,0,0,0,0.384382828,0,0,0.004883051,0,0,0.293109444,0,0,0,0.934065934,2.470892626,0.124980472,1.502973798,0,0.020708221,3.382724284,0,0.25425997,0,0.77170418,0,3.914515446,0.001486392,0,0.136730889,0.01100776,8.729569094,0,0.018489985,0.053191489,0.083502759,0,3.215966533,3.143365984,2.633983766,2.522741582,0,0.242924815,0,0.993232919,0,0,0.083302095,0,0,0,0,0.841908326,0.972816192,0,0,0,0.629677249,0,0,0,0,0,0.027689326,3.213255825,0.005453157,0.797073043,0,0,0,2.909755412,0.066107297,0.393580946,d__Bacteria, p__Firmicutes, c__Clostridia, o__Oscillospirales, f__[Eubacterium]_coprostanoligenes_group, g__[Eubacterium]_coprostanoligenes_group,NA,0.999998438,Eubacterium coprostanoligenes
fc7fe8a11f8601769081bf1e9a67fc5a,0,0.107694149,0.031075202,0.189051455,0.147574248,0,0.366170565,0.097191175,0.747299163,0.233499377,0.053157559,1.013813956,0.898069151,0.93465885,5.112118765,2.930934417,0.145137881,0.980272025,0.642103654,0,0,0,0,0,0,0,0,0,0,0,0,0,0,0,0,0,0,0,0,0,0.01038206,0,0,0,0.592300099,0,0.189753321,0,0,0.013354701,0,0,0,0,0,0.124921924,0,0,0,0.242522231,0.420941857,0,0,0.006893729,0.16064257,0.036818851,0,0.015762926,0,0.317965024,0,0,0.233270156,0.076958596,2.335979102,0,0,0.046499269,0,0,0,0.278606965,0,0,0,3.800950238,0.012227929,0,0.018916107,0.310559006,0.259134491,0.559643486,0.029837386,0.561550857,0.576307364,1.191532514,1.341348303,1.480063796,0.23814976,0.065053344,0.128205128,0.051746442,0,0.10448481,0,0.190515635,0.080994807,0.019746748,0.026764207,0.254186603,0,0,0,0.175394265,0,0.049720323,0,0,0.639347425,1.855161787,1.253799392,1.198083067,0.132968007,0.244029981,0.296823983,0,1.71511691,0.05005005,0.022774201,0.499114474,1.353416285,0.307461863,0.084779291,0.066641676,0.125958182,0.300090027,0.885840834,0.277724763,1.122544434,1.870474658,1.622020515,0.0165506,2.935155701,0.860449016,0.00704027,0,0.224371373,1.103752759,0.487569975,0,0.366183,2.023121387,2.495753299,0.271096499,0.630320009,0.429495472,0.035141974,2.41037376,0.389120414,d__Bacteria, p__Desulfobacterota, c__Desulfovibrionia, o__Desulfovibrionales, f__Desulfovibrionaceae, g__Bilophila, s__uncultured_bacterium,0.969931186,Bilophila
721d6345b84d6768b72ee1b3a4ab84f4,0,0.27521838,0.124300808,0.830182476,0,0,0,0.106910293,0.040614085,1.004047323,0.82925792,0.100788522,2.03562341,3.343529612,0.329212995,0,0.322528624,0.637176817,0.601335168,1.519549257,0,0,0,0.076930474,0,0,0,0,0,0,0,0,0.636942675,0,0,0,0,0,0,0,0.031146179,0,0,0,0,0,0.227703985,0,0,0.026709402,0,0,0,0,0,0,0.176366843,3.703703704,0,0.970088925,0.210470929,0,0,0.000861716,0,0,0,0,0,0,0.004237557,0,0.379064003,0,0,0,0.557620818,0.159426066,0,0,0,0.63681592,0,0,0,0.300075019,0.006113964,0,0,0.692102928,1.602314935,0.466369572,0.014918693,7.051125543,0.405549626,0.01690117,0.079487307,0.727272727,0.783146325,0.507416081,0.512820513,0.142302717,0,0.128596689,0,0.256781942,0.157225213,0.009873374,0,0,0.192926045,0,0.190435887,0.194717363,0.11691023,0.174021131,0.016511641,0,0.372034062,0.104776579,0.592705167,0.384838803,1.539205415,0.427052466,1.822499258,0,3.794967543,0.008832362,0,0,1.37524558,0.563680082,0,0,0.381473351,0.130039012,0.228604086,4.485057486,0,0.202184867,0.830934986,0.050924924,0.054795087,0.372531566,0,0,0.030947776,0.036791759,1.384457955,0.041533989,0.572160937,0.588940997,0,0.634481167,1.486908738,1.702457956,0.210851841,0.498347318,0.376927498,d__Bacteria, p__Bacteroidota, c__Bacteroidia, o__Bacteroidales, f__Rikenellaceae, g__Alistipes,NA,0.999999999,Alistipes