description,261MI,262MI,263MI,264MI,265MI,26M14I,26M19I,26M2ScI,26M4ScI,26M6ScI,4110MI,41EMI,41GMI,41IMI,41JMI,41M11I,41M12I,41M13I,41M14I,41M15I
N10-formyl-tetrahydrofolate biosynthesis,5849,5817.464477,3342.201417,11473.47509,4912.775947,605.6963744,305.6295565,544.2247186,1948.387787,1186.717126,5635.690304,21876.97351,3171.429736,5318.912381,11344.3815,3196.395998,1211.255956,7525.138617,6764.614014,1482.664353
4-hydroxyphenylacetate degradation,34.72061945,160.6374308,8.907232298,26.19901805,93.81602238,597.1604884,255.9420774,456.3310536,1627.448875,1167.36593,2979.32999,726.9687613,2625.741038,1339.116025,827.2893683,3011.910173,1167.263406,7438.657233,6709.584882,1419.953955
aerobactin biosynthesis,0,0,0,0,0,0,0,0,0,0,0,0,0,0,0,0,0,0,0,0
superpathway of chorismate metabolism,76.33831084,470.7566795,41.78420206,339.3332658,232.8234333,0,33.78029636,35.17423544,257.7054611,0,3483.062528,2342.469899,2474.874049,2171.262797,2169.257006,188.0684719,759.8293496,2879.50904,6766.99814,103.593128
homolactic fermentation,2954.75363,5152.388804,1773.536155,11436.30738,4507.497689,105.2315477,175.0196489,306.2889073,1042.520456,209.5524229,5534.937793,21140.96522,3509.068396,5193.819472,11482.40259,1072.472147,1112.746992,4193.398613,7642.861287,410.7339673
glycolysis III (from glucose),8301.636139,10091.01053,4436.936038,16629.65529,6513.515536,124.4799126,291.9331702,522.5510623,1837.738391,222.4832784,7210.003198,29915.37985,3883.846264,7138.73448,14517.99044,1401.57887,1324.776607,4534.514959,7730.407948,739.2958643
superpathway of arginine and polyamine biosynthesis,263.6481775,874.2672382,91.245762,1123.773645,556.710806,32.96544225,82.48176727,93.1299712,628.1773826,91.25819315,2801.68079,3496.36631,1622.359676,1971.348741,3350.667238,531.4438309,467.4046449,3303.669889,6932.941801,137.5106397
"superpathway of L-arginine, putrescine, and 4-aminobutanoate degradation",40.79715367,202.682367,9.936248714,32.25272013,97.91487718,0,0,0,0,0,3363.081005,862.0284451,2829.921586,1535.506166,995.7024383,122.9820269,702.1222566,110.0634043,17.83909501,24.2743068
"arginine, ornithine and proline interconversion",158.9256243,480.8863497,44.79923169,2473.697362,391.4882956,539.1811285,248.9479338,434.4491691,1594.04034,1058.481934,865.171872,4174.805651,396.5038318,1458.893617,1202.151,2760.275821,782.9522775,6838.221566,3438.548486,1306.344889
L-arginine biosynthesis I (via L-ornithine),4991.500731,3120.012495,2283.616,9433.974313,3188.619383,644.6271647,320.9437837,546.3902603,2098.269253,1272.01685,4680.101829,15863.67714,2848.914107,4591.909165,9002.254289,3373.542036,1194.95196,8246.738971,7771.600428,1583.585752
L-arginine biosynthesis II (acetyl cycle),6008.049047,3116.586931,2349.957701,8921.803389,3156.370893,705.1674266,349.3368584,597.5353892,2275.070439,1389.595412,4541.723851,15255.00977,2837.431315,4444.52728,8749.520635,3684.489203,1281.053215,8922.341183,8007.446416,1730.508229
chorismate biosynthesis I,7424.541352,7643.660331,3467.376655,11904.15685,5070.409884,734.590238,367.4506801,677.8105955,2360.625674,1446.818455,6260.727508,23067.53943,3548.909046,5566.898791,11705.7001,3847.810343,1466.668406,9779.403058,9751.241538,1831.520834
superpathway of L-aspartate and L-asparagine biosynthesis,5550.316732,7664.963324,2977.540665,11109.22574,5116.190935,33.77115267,113.8815145,208.0266682,732.0570994,112.7810469,5867.124253,21572.68706,3324.717882,5463.13599,10858.51071,562.1803746,769.4623008,2624.503534,6805.451626,299.7396777
L-arginine degradation II (AST pathway),3.83,68.2560201,2.74,13.14,9.83,550.2065857,230.1481206,412.145194,1461.265705,1071.097507,978.2120006,308.8192234,689.71,343.3499348,305.02898,2725.985202,721.0077286,7166.235577,7039.987384,1301.261257
biotin biosynthesis I,220.6586773,1249.594814,557.4196605,2808.442514,2673.702147,696.1800796,324.9933428,598.4982223,2103.968767,1362.60434,5367.118308,7672.747382,3601.726257,4396.311433,7572.765337,3641.71787,1394.444068,9293.824024,9321.879483,1699.350937
superpathway of branched amino acid biosynthesis,7156.771954,8941.764199,4153.245494,14875.99732,5968.225461,739.2760471,370.9829795,643.5353176,2405.130022,1455.078312,7203.827863,28611.60897,4139.619707,6765.499531,14592.44375,3897.326868,1484.85454,9300.258828,8592.712385,1841.533058
Calvin-Benson-Bassham cycle,7841.381167,8816.603569,4913.646098,18561.62112,6609.413524,497.890624,312.2205505,557.773796,1998.185438,978.6494264,7854.613105,33200.72153,4480.758594,7507.161148,15766.95454,2755.569007,1405.994531,7261.28445,8772.575224,1327.960073
catechol degradation to &beta;-ketoadipate,1.386846847,4.316607767,0.62,1.304867635,4.614859386,476.1249016,190,343,1200.367581,933.460925,392.40979,90.93018566,264.5708939,31.42471362,64.73402127,2419.947412,499.88,4743.785244,1108.735112,1110.95945
pyruvate fermentation to butanoate,179.1796637,788.0957672,585.0025621,2768.269518,944.037796,0,37.44701499,35.90500251,174.4769668,0,1865.828934,6590.460837,750.6426001,2450.118068,3585.935235,54.88379797,60.90706589,40.81273914,161.9263025,50.26692294
"chlorophyllide a biosynthesis I (aerobic, light-dependent)",0,0,0,0,0,0,0,0,0,0,0,0,2.285627,6.709505575,18.15401407,0,0,0,0,0
coenzyme A biosynthesis I,4873.170516,7563.502407,3372.250982,11202.02288,4931.142804,495.4979818,254.4970646,465.5025873,1625.079125,968.4956213,5424.539741,22082.2763,2943.016189,5238.335328,11574.70296,2609.159904,1055.719763,6245.953413,6187.390819,1235.544659
adenosylcobalamin salvage from cobinamide I,5170.486539,3376.940625,1811.768546,10273.63254,3132.585583,498.1807887,241.953583,414.8802133,1549.617501,973.8708261,4365.224647,12740.80175,2725.585883,3723.142055,7918.896248,2609.08388,1000.76091,6362.463502,6265.833803,1230.283134
reductive acetyl coenzyme A pathway,0,1.499852348,0,0.499988166,0,0,0,0,0,0,2.399356953,1.999900072,0,2.39934995,28.36004237,0,0,0,0,0
colanic acid building blocks biosynthesis,1204.522179,2192.907843,602.9013,6803.557385,1916.946254,606.2215005,282.180509,498.6342115,1831.858526,1185.65567,3429.128029,8198.841017,1558.356872,3885.079486,5174.74861,3131.16936,961.7488727,8359.038215,8750.216813,1478.109659
superpathway of aromatic amino acid biosynthesis,7525.248525,8070.890537,3641.431803,12459.14204,5275.638885,796.2372441,395.7058633,728.5708964,2542.85883,1567.392562,6541.947373,24095.26895,3721.894442,5853.924006,12360.88452,4161.959998,1557.514216,10466.42139,10298.85037,1979.044985
creatinine degradation I,0,0,0,0,0,0,0,0,0,0,19.51336403,0,0,0.599163354,1.79829907,0,0,0,0,0
L-lysine biosynthesis I,7312.321471,5457.05948,3535.288831,11041.21412,4521.960739,667.6076409,363.7556868,641.0075316,2341.84957,1310.588559,5618.360439,20080.41819,3449.269528,5094.342261,10959.9569,3564.703685,1445.38523,9040.308157,8899.92532,1688.264816
nitrate reduction I (denitrification),0,0,0,0,0,469.456869,186.4664879,340.4816446,1161.969019,916.466994,0,0,0,0,0,2307.06512,436,4652.843221,1099.33,1087.917533
superpathway of purine nucleotides de novo biosynthesis II,1463.54487,4188.038939,1922.25212,7913.825229,3998.492301,535.5059157,273.6091889,488.624006,1754.242644,1051.820248,5574.38264,17207.33515,3263.558043,5197.559228,9802.896245,2843.9305,1171.653199,6925.90011,7076.04364,1344.063096
glucose degradation (oxidative),0,0,0,0,0,470.6932759,190.1693235,343.8400798,1204.300656,920.3971207,0,0,0,0.499360282,1.497572051,2322.105416,551.9818525,4897.703245,1325.446015,1101.634414
dTDP-L-rhamnose biosynthesis I,5723.387444,5251.29409,3170.246116,13467.19551,5869.382909,651.483849,331.7949824,565.6939181,2107.12432,1276.641898,5339.635575,25188.29387,2345.207194,6458.340349,13483.79936,3370.594351,1068.833581,9078.3715,8815.306598,1636.246912
enterobacterial common antigen biosynthesis,42.4271773,216.0767071,11.09053526,32.62445413,117.5715985,0,14.58778671,17.74006129,120.3983708,0,2903.911907,903.5605922,2214.115343,1476.998723,961.4644337,82.34113385,551.2702509,1641.576551,5289.455348,39.77906422
enterobactin biosynthesis,35.73561197,346.1362467,16.62031073,98.27324556,59.92204682,13.13094932,34.0150546,54.58928519,249.1286194,31.66315789,1818.754082,1539.42017,1315.78349,1191.860553,1241.137206,198.2336323,392.4645757,1551.982726,5471.231289,67.61579975
fatty acid &beta;-oxidation I,100.6709333,467.0125058,65.1304886,1027.477074,366.8247603,1170.926362,501.0584517,876.3508563,3250.242375,2287.384621,5445.078778,2550.425544,4500.228469,2645.596005,2233.8666,6116.367377,2039.50474,14498.58827,12668.90293,2754.57463
fatty acid elongation -- saturated,307.3955578,3350.743195,836.919405,8483.306013,3849.920093,1012.194707,486.3267315,893.0236287,3174.206317,2000.971164,6481.480091,21196.06422,4183.883421,6550.060509,10664.34566,5325.981687,1895.606368,13445.45873,11705.0147,2517.897576
superpathway of fatty acid biosynthesis initiation (E. coli),194.7834456,744.2210587,564.4389575,1575.023681,2228.853932,811.266694,389.5240227,735.9484689,2566.347368,1591.219035,4975.776145,9005.263156,3702.90674,4344.582404,6621.657206,4267.417452,1578.469258,9903.719491,8250.547375,1995.797491
mixed acid fermentation,326.9382374,3850.47994,974.3307914,8885.342248,4036.840033,607.219763,283.1782904,484.474297,1848.090381,1185.171109,6305.789374,17280.49181,3989.800313,5493.17161,10230.30401,3175.087294,1278.797322,8488.780367,10500.12742,1463.770463
superpathway of tetrahydrofolate biosynthesis and salvage,2558.57387,3783.650382,1210.813033,8176.023528,3754.709062,611.3974109,295.1950215,529.1748818,1875.418547,1201.28611,5648.593578,16393.94811,3334.108753,4898.808558,9194.282322,3209.014127,1252.882566,7694.276547,7199.898819,1507.775909
superpathway of fucose and rhamnose degradation,3335.320075,1446.267417,1463.391634,4394.824943,2099.113656,2.060054147,35.09263233,52.63515957,262.4829314,0,3431.768958,8206.174325,2477.415066,2543.477173,4808.723979,103.2414167,508.860705,1484.408565,4909.866604,64.08168673
fucose degradation,4575.170176,1375.186792,1544.030987,4250.946537,1723.318858,1.6,32.77447049,49.89957822,255.2285888,0,3746.187452,7639.054384,2683.709315,2735.723295,4078.470636,87.24997295,500.7770956,1371.835785,4917.508142,67.23576383
superpathway of hexuronide and hexuronate degradation,1039.922404,1558.906293,1835.543489,6979.655308,2733.805436,11.85937542,49.07084112,85.76084826,412.0615227,12.39699091,4853.992126,12886.3206,3371.879141,3902.683191,7864.500867,172.3055878,699.1518368,266.4187103,403.7278346,81.60291864
D-galactarate degradation I,80.78478105,110.6217427,66.25707509,1410.983528,83.09303198,1.995793896,61.81908867,80.50404518,397.4404322,3.991447716,797.6182927,1728.775477,589.2161155,790.419315,359.9134676,158.8665297,532.5738613,2215.547193,5969.124821,63.54825252
D-galacturonate degradation I,1251.228028,2272.936623,2319.714043,10835.54472,3770.756875,15.5285053,83.00059949,131.2576201,690.4821177,41.82698684,5212.890089,17789.92737,3470.592768,4559.940355,9969.003867,294.4558118,710.8468233,2459.507329,6845.256189,135.3550091
gallate degradation II,0,0,0,0,0,0,0,0,22.53251445,7.832167832,0,0,1.961121624,5.936615778,8.756756757,29.91620112,3,57.31445571,5.204814189,11.84985158
gallate degradation I,0,0,0,0,0,0,0,0,22.53251445,7.832167832,0,0,1.961121624,5.936615778,8.756756757,29.91620112,0,57.31445571,5.204814189,11.84985158
"superpathway of N-acetylglucosamine, N-acetylmannosamine and N-acetylneuraminate degradation",3151.59144,3442.294695,2799.904443,11516.76024,4366.226655,1.574746009,71.01721234,90.72669601,458.0935323,1.611170784,5116.119424,22147.79939,3095.606298,4353.764165,8921.070704,143.5680212,582.97909,1762.721089,6263.259281,88.62110819
D-glucarate degradation I,80.78478105,152.8165721,66.25707509,2844.828747,123.8678169,1.996834791,64.1960807,82.81357292,413.3698668,3.99358537,912.1609064,5100.866579,708.8359227,1396.792308,568.1164122,160.1404299,588.7794495,2308.454034,6216.20063,63.99813801
superpathway of D-glucarate and D-galactarate degradation,80.78478105,110.6217427,66.25707509,1410.983528,83.09303198,1.995793896,61.81908867,80.50404518,397.4404322,3.991447716,797.6182927,1728.775477,589.2161155,790.419315,359.9134676,158.8665297,532.5738613,2215.547193,5969.124821,63.54825252
gluconeogenesis I,3316.001084,6571.776501,2279.634677,12635.45918,5371.189425,540.7753545,291.3857821,521.8395424,1875.394716,1059.686847,6427.412337,24068.03044,3649.172818,5796.907653,12627.4946,2919.723688,1278.87546,7467.186676,8002.90079,1394.157422
glucose and glucose-1-phosphate degradation,47.54839822,195.8168899,13.16078403,129.0581471,114.6860538,646.4185083,292.609017,509.5297257,1910.541823,1258.217191,3449.585669,964.4078404,2605.758472,1673.264846,1030.124144,3317.620929,1131.622257,8856.626224,8684.482544,1533.141206
superpathway of &beta;-D-glucuronide and D-glucuronate degradation,1254.071945,1793.855899,2148.630042,6640.401432,2807.78941,13.86926637,69.78775275,111.103686,602.126801,27.91153551,5752.115896,13721.47361,3986.765693,4355.645101,8279.567232,255.7261304,857.9667553,2613.25048,7496.213972,130.8625566
L-ornithine biosynthesis,5525.55598,2849.696486,1984.861233,7174.882676,2967.450928,1103.174365,485.07574,857.6068117,3092.357837,2156.562178,4577.38511,13238.59935,2806.063453,4119.861429,8058.604086,5561.910746,1530.475331,12347.55083,7557.802485,2622.184046
glycogen degradation I (bacterial),9371.981795,8414.463992,4562.992366,17216.30157,6185.245435,548.3602835,290.2862147,519.798649,1853.099247,1072.316069,6845.307956,27486.52048,3895.449351,6335.163688,14062.38288,2855.587282,1352.249772,8039.251582,9833.558428,1385.874525
glycogen biosynthesis I (from ADP-D-Glucose),8447.648285,9109.495493,4435.765223,14133.63739,5795.792046,530.5614673,262.601223,469.2499493,1671.209633,1035.552762,5766.445527,26423.76338,3093.919798,5361.228384,13139.81791,2719.661648,1046.508461,6948.983125,7177.498915,1313.231895
superpathway of glycol metabolism and degradation,5.428161192,193.9615167,6.166732631,161.3464552,96.96445732,1.995823614,50.50745455,69.08527165,353.3272337,0,565.7078187,1033.301339,334.507161,896.5280967,880.5173454,106.8950393,466.090323,2085.642369,1827.519899,102.4180637
glycolysis I (from glucose 6-phosphate),3641.05923,6257.104111,2089.766828,12554.88656,5079.631731,203.84655,294.2391921,529.5791809,1858.813045,370.1781926,6955.148136,23215.64971,3831.846478,6497.230019,12224.77454,1908.422216,1322.362411,5793.665276,8413.696181,978.5076851
superpathway of glycolysis and Entner-Doudoroff,980.666023,1927.241357,1280.925941,5851.423122,1867.18649,253.598242,289.8284262,521.2111356,1861.736574,465.0174695,5229.792981,11239.17538,3382.317924,4293.681358,5594.253791,2141.46346,1264.517553,6281.560205,8454.990809,1071.434179
"superpathway of glycolysis, pyruvate dehydrogenase, TCA, and glyoxylate bypass",156.7814133,566.0674405,29.64532681,304.8341454,324.3564563,194.0679521,192.2092452,403.7969191,1421.520921,393.7117445,4708.885068,2697.795213,3221.050787,2959.873365,2485.99881,1784.610797,1223.985528,5867.96051,7866.538196,727.7844131
glyoxylate cycle,55.9709499,228.0836837,9.755972967,176.252492,113.0503963,494.8961782,218.410114,385.9992808,1438.31889,968.2122772,3109.014976,1211.448545,2347.42939,1611.218232,1242.008719,2600.031859,923.9613364,6232.393069,5982.612163,1172.154398
"superpathway of glycerol degradation to 1,3-propanediol",495.537528,302.2602694,435.861318,996.9674073,432.3598893,0,12.99563319,19.2382609,81.12454347,0,191.6819481,2098.378746,117.8911961,125.5159861,933.2673312,21.63573491,17.36774537,35.62646172,44.27527438,13.60394962
3-phenylpropanoate and 3-(3-hydroxyphenyl)propanoate degradation to 2-oxopent-4-enoate,0,0,0,0,0,0,1.996441281,0,0,3.997097242,0,0,2.828571429,0,0,29.75577193,2.996590909,32.55238909,0,5.828184127
heme biosynthesis I (aerobic),43.53679415,293.5841532,7.724962917,210.1081944,184.5518091,492.7274647,222.2141239,411.4540182,1471.022268,964.468127,2579.515273,1069.902978,2170.673986,1209.099351,1019.454768,2577.644142,925.5634654,6499.976074,6816.027501,1167.065428
heme biosynthesis II (anaerobic),478.6079548,527.5266352,113.6561684,870.6366314,406.533182,606.4256211,280.822302,547.243628,1857.056267,1190.419082,3505.066773,1792.862521,2750.376583,1900.968788,1338.775103,3172.554258,1142.67501,8064.301284,8689.647853,1452.110354
superpathway of hexitol degradation (bacteria),545.4901898,938.5472058,812.3854122,3026.785822,495.3092423,0,37.18735554,43.31836636,298.7223112,0,2626.879344,3490.738612,1824.503387,1605.886179,2118.571847,177.7346012,637.3036121,2776.979699,6681.832422,99.50106126
L-histidine degradation I,521.5487744,1677.994357,496.4753029,4202.250304,2033.021033,586.8757062,268.5970138,436.3547697,1704.140349,1150.359878,4361.221408,10799.85813,2825.857636,3409.049445,6917.250055,3034.678627,1079.671425,7690.875606,7300.129321,1385.33096
L-histidine biosynthesis,5972.792394,8009.791794,3211.070753,11999.04345,4896.995869,532.0183549,260.1884654,456.8383678,1681.008814,1041.089218,5677.298552,22090.8568,3150.022157,5454.575145,10748.4546,2796.336427,1041.921497,6673.098576,6227.046164,1316.842389
L-methionine biosynthesis I,3342.501291,2825.532849,2663.38054,3034.399467,2664.500617,491.5223684,220.6349206,387.9204747,1452.328725,963.2320108,4619.962066,11195.02405,2847.336627,3617.924648,6823.106029,2534.457528,982.3300598,6236.089804,6046.308529,1173.551261
L-methionine biosynthesis III,1671.023627,2957.736533,3188.759085,3217.639921,2965.041428,505.5637601,224.6649146,388.8312415,1512.614615,988.0574753,4811.292667,12576.06259,2183.721035,4118.114404,8028.359338,2667.588863,568.3641246,5485.479856,5481.346403,1198.123653
L-isoleucine biosynthesis I (from threonine),7693.900428,9429.777791,4553.474008,15840.49603,6320.545724,763.7942801,386.47874,674.2072077,2494.98704,1505.442979,7701.67326,30102.82966,4470.82812,7213.720145,15422.11296,4050.630583,1591.526495,9709.352496,9268.513462,1913.239204
superpathway of (Kdo)2-lipid A biosynthesis,59.75985817,496.4363275,33.46215796,102.5124095,333.4748043,0,56.69912449,68.99907593,464.2807572,0,3526.697235,2388.557447,2417.904315,2475.275346,2335.907513,380.0399369,857.6178111,4688.543965,8008.058337,167.2597967
ketogluconate metabolism,35.89908631,157.6278383,0,25.25048715,74.74945033,0,33.0941704,37.90026247,315.2572953,13.89705882,2345.846835,458.4103092,2044.285212,686.8129304,624.5102219,121.0230397,527.8461498,3641.586231,7441.138836,92.08941392
lactose and galactose degradation I,0,0,0,0,0,0,0,0,4.530474786,0,0,0,0,0,0,3.071507366,40.99637022,1.967570595,0,1.762011396
L-leucine degradation I,6.801910976,39.81851085,0,73.00462507,5.951190216,552.7162144,234.8236685,411.8867024,1552.388276,1094.177179,63.46623254,281.4577189,3.10890533,50.78754452,337.0622928,2904.345579,565.9718336,5822.2922,1538.011959,1290.638605
phospholipases,0,0,0,0,0,0,0,0,0,0,0,0,0,0,0,0,0,0,0,0
superpathway of lipopolysaccharide biosynthesis,0,0,0,0,0,0,36.18769202,42.26152799,304.781785,0,0,0,19.06273635,0,0,137.8000556,261.0134742,3575.097994,6773.447816,91.33573695
superpathway of S-adenosyl-L-methionine biosynthesis,4247.523042,3793.598519,2977.680215,4240.294307,3333.66311,572.7239295,271.7736417,484.3215177,1761.269824,1122.700683,5517.441311,14145.66434,3370.380646,4440.518291,8270.680356,2992.488418,1219.418432,7549.854875,7455.870371,1405.64571
methanogenesis from acetate,3582.009425,1686.232377,1075.89119,2210.573052,972.0589073,0,16.95992485,0,39.50424193,0,624.5979069,4857.594121,168.1434465,1068.079969,1339.766056,0,25.23441733,0,0,52.34739125
superpathway of methylglyoxal degradation,5.110996927,119.597111,1.434555644,30.42266089,4.884823564,21.89280007,14.40199373,4.961287293,93.56596598,34.24541415,560.4827132,509.1462223,343.2111607,142.4179148,456.5317632,132.5660639,145.9047143,208.3983769,16.80485533,2.496792367
methylgallate degradation,0,0,0,0,0,0,0,0,28.1163745,9.769484913,0,0,2.451181311,7.419945504,10.94530791,37.29089162,3.747998904,71.58868188,6.505862881,14.78316531
NAD salvage pathway II,677.391308,611.3059525,584.9732533,2175.346504,883.6558436,19.69689742,41.07842253,51.41116676,330.1593552,35.49683337,3346.083241,3381.185572,2602.154801,1663.288311,2020.612008,385.64522,679.5101769,2451.928839,6063.555521,78.83051534
NAD biosynthesis II (from tryptophan),6.457280552,0,0,0,0,21.40638959,11.45726299,15.42297905,136.8862053,48.14281653,3.111687501,21.4236905,0,0,10.49979712,178.8526321,7.547304138,271.5354477,24.09579257,27.5223495
lipid IVA biosynthesis,82.65059827,1317.273892,209.9502442,3802.961065,1831.501385,487.5,212.1439202,407.3578869,1386.570201,965,3975.855344,9041.484813,2539.396383,3444.361578,5673.040842,2536.389367,927.8008501,6399.517894,6836.228319,1161.04725
methylerythritol phosphate pathway I,6495.292543,8398.588108,3441.886405,12072.59634,5182.040944,494.6414537,256.32165,488.1765858,1617.779287,975.1383527,5652.524393,23426.66774,3027.251075,5337.524444,11632.08054,2610.153309,1023.617022,6277.665861,6470.219514,1238.783896
pentose phosphate pathway (non-oxidative branch),14805.48974,17651.25809,8670.848732,24854.44711,10308.33283,499.5947544,371.1869924,652.3010567,2358.81118,980.8473498,10912.21446,49109.70067,6453.243108,9081.490269,21613.74991,2857.810904,1855.983167,9115.686015,15733.06626,1409.984787
O-antigen building blocks biosynthesis (E. coli),3807.185374,5618.613041,2441.351527,8909.252513,3403.256912,549.3575469,268.2695039,487.929712,1734.41581,1078.266134,4056.85428,15418.70228,2237.048765,3701.654572,5924.430214,2880.35161,1055.939932,7169.093113,7293.023503,1362.476814
superpathway of L-arginine and L-ornithine degradation,40.79715367,202.682367,9.936248714,32.25272013,97.91487718,0,0,0,0,0,3363.081005,862.0284451,2829.921586,1535.506166,995.7024383,122.9820269,702.1222566,110.0634043,17.83909501,24.2743068
superpathway of ornithine degradation,31.96310956,201.5364968,7.010240453,50.80072898,72.87127906,0,0,0,0,0,3024.216684,753.1382284,2666.838647,1373.309545,941.5227762,3267.744972,1225.974076,9076.881009,11234.37684,1520.356036
ectoine biosynthesis,0,0,0,0,0,0,0,0,0,0,0,0,0,0,0,22.42162436,0,9.993796641,0,9.967710773
TCA cycle IV (2-oxoglutarate decarboxylase),168.281349,957.5200897,54.79882026,503.2714105,562.3664718,115.0781979,98.4705341,240.1014832,842.9308415,266.3011134,5617.127379,4392.083446,3595.98475,4195.229904,4221.242974,1145.357206,1003.593981,4656.127811,8257.374362,374.9679987
pyruvate fermentation to propanoate I,123.4756844,2022.763203,498.5675565,6953.866792,3011.200028,12.77300927,22.86096134,17.04566477,199.6895099,40.11033649,3235.216696,13307.49274,1208.144387,3943.587225,8268.14202,163.0187097,53.83682759,168.4510267,137.8208062,71.04591871
heterolactic fermentation,106.3975655,311.0079318,27.82896408,1241.963114,173.8086183,26.24074621,107.0014675,250.2519247,854.180294,40.00031434,283.5194911,680.8674012,62.15467486,130.7267828,664.7866342,443.9518448,710.6759453,522.5547791,1172.652279,387.6482223
Bifidobacterium shunt,122.5051422,367.2592018,31.86391067,1441.297277,199.767961,281.8223575,245.8359726,438.6405523,1548.693872,581.6842709,324.2907237,782.0941311,70.88870423,149.7073761,763.1296362,2215.875781,883.2597149,5924.261093,2957.210702,1119.802454
"superpathway of (R,R)-butanediol biosynthesis",36.26995129,76.38632278,2.617233355,71.97037395,25.84509023,532.5929009,213.0080552,389.9538878,1323.150648,1035.935622,44.82644908,1014.931508,71.46849325,293.3952675,9.870263204,2593.745602,518.1134558,5350.961078,1312.682119,1247.575673
acetylene degradation,7969.290932,7811.712108,4425.451865,11192.28981,4569.685462,7.983411094,106.178953,182.398561,656.2324088,15.96598459,5667.481802,22378.97911,3716.918294,4628.959777,9931.329173,290.4783176,1008.050589,2662.211319,8494.46554,189.7747027
L-glutamate degradation V (via hydroxyglutarate),55.1940079,208.5189089,264.0319087,1021.233289,289.3823391,0,24.95407286,15.26398693,86.41099577,3.194525793,267.3740547,2276.815625,95.8260837,163.1638667,1131.444848,0,15.6713757,47.55386586,91.96491728,3.94763395
L-lysine fermentation to acetate and butanoate,79.4909949,305.7848923,31.99581767,1227.636646,300.4743627,0,3.188926625,0.521342776,0,0,254.775993,1389.429324,78.46405734,458.1340855,1100.192036,0,3.638375125,0,18.1735008,1.713256102
purine nucleobases degradation I (anaerobic),5939.580373,3252.05956,5035.558002,15011.20024,5686.902865,0,307.6618982,510.0920167,1838.208874,23.7755252,4318.130523,26678.14218,2686.956808,3392.915041,11869.91505,1080.956209,230.686769,1654.617746,2160.067962,115.5636574
protocatechuate degradation I (meta-cleavage pathway),0,0,0,0,0,0,0,0,8.687180731,2.439925066,0,0,2.127767719,6.418920406,10.59770359,31.44918794,3.816699799,59.83431361,3.109880285,12.37070279
octane oxidation,6.57597602,25.53707232,0,84.67116075,28.18885278,727.0832931,294.7439205,533.7477791,1830.436481,1419.407861,29.11695356,145.7280382,6.635015691,44.29724354,60.71570093,3585.644038,716.1947398,7378.563328,1891.567174,1702.285469
reductive TCA cycle I,162.8542599,698.7546279,32.11670687,466.603325,430.5621968,31.24623518,104.6834715,235.3249306,861.690179,24.50700778,5228.699399,3134.118693,3484.07872,3354.165934,3253.384051,326.0846947,521.2493436,602.1259883,1190.678626,336.6052882
coenzyme B biosynthesis,0,0,0,0,0,0,0,0,0,0,0,0,0,0,0,0,0,0,0,0
coenzyme M biosynthesis I,0,1.49357473,0,2.490659273,0,0,0,0,0,0,0,1.91275279,0,1.785695843,27.55473552,0,0,0,0,0
3-phenylpropanoate degradation,0.664335664,73.45360488,0,32.23733141,3.050847458,11.67986231,16.51821862,16.43031785,140.2197793,29.53816174,147.6865412,226.3605134,112.9825135,60.69006787,261.0047009,194.440219,28.5527897,1431.425116,4814.789274,47.85239312
glycolysis V (Pyrococcus),2834.890844,447.376365,499.8160831,1652.998106,481.5787998,0,0,0,4.99242693,0,78.27968638,2456.99371,113.0982499,574.5991428,318.7931409,12.46594488,7.897171097,59.70210611,24.95926615,7.475117945
adenosylcobalamin biosynthesis II (late cobalt incorporation),0,0,0,0,23.30031051,0,94.81660166,136.226228,623.2679024,0,7.736305054,9.688205894,0,1.939131354,31.53627062,133.0864293,273.6718153,302.444734,985.7230286,83.26931199
"superpathway of L-lysine, L-threonine and L-methionine biosynthesis I",3740.63672,4102.743209,1896.495444,6204.959092,2782.47252,118.6047838,234.2488275,422.3024542,1519.322686,364.8896803,5017.934762,13960.50906,3120.889573,4088.562377,6858.488941,1562.838064,1168.370306,5641.020022,7669.808923,797.3714814
incomplete reductive TCA cycle,273.6127235,3312.206401,814.2952078,9734.912795,4703.501249,37.96430275,150.3983627,271.5595612,1008.060515,26.13922725,6869.610824,19144.59329,3926.70721,6594.477629,12422.2201,353.4791129,889.2368861,2909.335757,4906.681736,329.4733848
superpathway of N-acetylneuraminate degradation,772.4555104,2994.624329,1273.149217,8080.998913,2759.819097,4.636727956,88.31756276,160.4276159,635.5087205,4.981898578,5723.012773,15531.26973,3530.794272,4889.925012,7419.488359,306.5897459,880.925087,2639.997221,7197.005152,177.4149605
"hexitol fermentation to lactate, formate, ethanol and acetate",216.2335971,313.6474283,505.9925625,2635.185942,125.9068653,0,21.36824266,19.70783339,152.8680612,0,3789.899301,1239.933766,1616.137808,2866.804369,1358.098254,117.4328544,574.8780472,2249.423067,6693.86892,69.85700416
myo-inositol degradation I,403.1958792,398.5958689,292.6755399,974.4868763,281.9436477,507.7933763,206.3620319,374.0945288,1294.018579,997.1761211,664.9075996,926.8690861,422.9911796,175.0080591,780.1561537,2483.873224,555.0318534,5070.062889,1229.031237,1195.951896
nylon-6 oligomer degradation,0,0,0,0,2.285714286,0,0,0,15.88922544,0,0,0,0,0,0,0,0,7.993074343,1.998181537,11.9345853
phosphopantothenate biosynthesis I,1849.997536,2337.330924,540.6820584,5732.295693,2688.792467,560.0509042,264.9293503,446.612326,1703.018841,1099.304075,4832.258725,13391.19124,2851.186664,4317.228901,8510.061802,2910.856143,1059.345102,7103.136673,6890.951689,1359.256707
pantothenate and coenzyme A biosynthesis I,2299.265743,3098.517851,720.1627122,6772.387708,3143.990374,521.5054832,252.1359082,440.1902769,1621.705792,1021.765741,4924.069945,14772.48498,2839.885636,4463.392897,9037.271461,2724.83626,1039.816922,6593.571791,6450.554028,1279.155026
pentose phosphate pathway,3345.168062,3366.064965,2785.630422,10393.62911,4319.535548,523.5592463,310.5883102,563.7015343,1991.504784,1029.415676,6204.668964,19811.80377,3812.181845,5717.663526,11482.1668,2832.867204,1388.919331,7934.938926,9909.770875,1368.074082
peptidoglycan biosynthesis I (meso-diaminopimelate containing),6432.871557,8898.294114,3653.581683,12461.13636,5197.804469,495.8807323,259.7857783,481.037761,1651.206962,977.2669207,5677.160867,24169.45144,3047.022472,5327.477962,11494.81228,2636.498524,1104.2198,6509.792226,7029.287317,1257.845952
superpathway of phospholipid biosynthesis I (bacteria),7312.488351,8219.130819,3445.226167,12603.45132,4765.62849,916.4745357,433.5525022,826.3018101,2765.61206,1800.475967,6426.969138,22366.66618,3897.016323,5403.773162,11007.50853,4749.540279,1654.942307,10894.24343,9639.23672,2230.173084
superpathway of polyamine biosynthesis II,80.29885236,431.7320663,20.09972187,219.8052097,170.6847475,25.009106,24.31928399,22.69051062,222.0216673,50.32413594,696.8503809,1856.106667,449.3468224,747.7117547,1756.006301,226.3468353,72.03856955,537.0330535,161.8796996,59.66934542
superpathway of polyamine biosynthesis I,138.9751516,512.1715876,46.69720782,598.007228,305.2667525,16.91523326,47.3340001,50.90872258,369.4988439,47.32677698,2005.221714,1965.627399,1136.114296,1255.946311,2061.115905,288.449158,290.643317,2065.617732,6258.894394,71.87666519
polyisoprenoid biosynthesis (E. coli),825.6772842,3199.501737,603.9797807,7515.612195,3306.567747,493.4969543,249.3550242,455.2583166,1604.557395,973.9555652,4926.337271,15559.26893,2864.677843,4450.023338,8602.796284,2610.244169,1021.092899,6269.03543,6321.867247,1221.015489
ppGpp biosynthesis,79.61369897,262.9990447,12.27160459,46.4575612,163.0627865,32.64731097,37.63360241,45.40217458,384.235888,72.23406866,3856.919462,982.9518059,2885.339856,1904.67809,1140.149683,356.0924815,772.0342993,2941.403792,7651.611688,89.20196037
protocatechuate degradation II (ortho-cleavage pathway),5.306296471,166.0230985,2.473054742,53.54115426,21.78822179,668.6877528,275.8608201,495.3593699,1752.247096,1322.443492,860.226653,807.147199,587.3582027,150.2704281,718.0688679,3389.113475,715.0923819,6729.310323,1595.546094,1584.919576
"superpathway of histidine, purine, and pyrimidine biosynthesis",316.9954573,2328.992535,307.8623901,3804.472471,1101.566467,16.52769765,215.5281834,349.6192947,1361.347642,148.4040309,5152.781532,10613.52834,3163.771566,4070.599676,6753.840603,1191.777799,1137.238886,5749.129989,7044.925119,791.317389
CMP-3-deoxy-D-manno-octulosonate biosynthesis I,109.975199,1308.719224,396.4236538,4331.826577,1881.340895,487.5,221.6860483,413.5997507,1429.922713,965.4997411,4071.523899,9962.738599,2659.051491,3480.95768,5929.208751,2556.941493,954.5331585,6477.379418,7028.735375,1162.526604
benzoyl-CoA degradation I (aerobic),0,0,0,0,0,0,0,0,0,0,0,0,2.997692742,8.958377268,17.71840703,7.352323432,0,19.20285499,0,11.63861602
mandelate degradation I,0,0,0,0,2,0,0,0,0,0,0,0,0,0,0,0,0,5.982175662,0,4.4102977
superpathway of taurine degradation,0,0,0,0,0,0,0,0,4.231296589,0,3.853152233,5.303670559,0,0,0,2.856044891,0,3.157311745,0,11.58357573
formaldehyde assimilation I (serine pathway),32.81254725,0,0,46.84365244,0,0,0,0,0,0,12.47324522,0,0,0,9.759565353,0,0,0,0,0
photorespiration,70.74407029,0,0,78.85131059,31.51250643,0,7.858742373,0,314.3954422,105.655736,23.59683392,0,0,0,15.95387209,232.3190424,0,420.4816672,79.95586487,168.6268825
formaldehyde assimilation II (RuMP Cycle),9168.715848,10116.58571,4785.155366,9942.605922,4776.675759,0,114.5665218,145.2045493,718.1008928,3.955816847,2410.446015,21807.92822,819.2905127,2014.529292,5964.706267,254.8655594,434.6746068,3893.585122,10297.40164,237.5328646
superpathway of C1 compounds oxidation to CO2,0,0,0,0,0,0,0,0,0,0,0,0,0,0,0,0,0,2.469635472,0,0
L-lysine biosynthesis II,862.2582559,1953.551024,1338.371977,2162.555969,1593.820555,0,7.871327452,0,2.677718561,0,641.2237932,3875.567882,174.3874704,1007.478153,1642.972651,27.84041579,160.1103615,27.93731845,83.43452773,27.66726184
L-lysine biosynthesis III,7612.941584,9051.460954,4267.392987,15018.03416,6209.825591,616.711233,336.0661968,596.0027596,2161.56627,1211.517472,7222.718902,28354.73568,4108.571022,6866.759425,14059.79205,3310.616579,1473.555653,8466.870451,8979.762868,1575.725623
superpathway of L-isoleucine biosynthesis I,7191.717572,8886.083273,3849.846212,13823.2262,5858.113116,747.5848146,373.2774543,653.9094459,2399.008786,1467.9129,6927.294588,26782.50829,3929.962707,6417.651879,13528.04169,3929.84112,1501.935467,9621.40433,8682.32085,1865.239243
glycine betaine degradation I,0,0,0,0,0,0,0,0,0,0,0,0,0,0,14.92777111,2.491759815,0,0,0,0
aerobic respiration I (cytochrome c),39.68150307,229.8208566,0,401.7249985,74.53694553,1509.066707,641.6529687,1240.970051,4242.775561,2974.556938,416.5820387,1460.242741,75.65777116,394.1599461,1534.804061,7827.807091,2430.220549,18307.36851,8796.013083,3574.292687
&beta;-alanine biosynthesis II,0,0,0,0,0,0,0,0,0,0,0,0,0,0,0,0,0,0,0,0
S-methyl-5-thio-&alpha;-D-ribose 1-phosphate degradation,0,0,0,0,0,0,0,0,0,0,37.81924636,24.58326861,0,31.39474398,16.09225667,0,0,5.800266425,0,0
creatinine degradation II,0,0,0,0,0,0,0,0,0,0,0,0,0,0,0,0,0,0,0,0
urea cycle,84.10791245,974.67101,163.8669578,2029.157148,790.187115,49.82247741,32.6744099,31.27956235,254.6636102,92.81398728,1090.34417,5143.890389,588.2879172,1972.058282,3425.748783,433.0100531,24.66981517,551.8495307,57.44350429,65.09140807
biotin biosynthesis II,0,0,0,0,0,0,0,0,0,0,10.78832974,5.998253204,0,8.391688218,5.997357594,0,0,0,0,0
4-aminobutanoate degradation V,76.5934642,226.5186007,365.8558013,1297.06043,395.6969103,717.0039947,293.9237845,535.9942322,1904.55807,1401.704775,1893.869647,2293.544848,1067.186353,1601.031327,1280.501475,3546.605576,752.856089,7314.020031,3068.866561,1655.302594
L-histidine degradation II,8.681785685,152.558849,0,35.52926849,7.484214466,555.7762268,239.3074186,408.5687747,1495.089262,1087.251458,340.3597026,413.4880635,274.1175888,107.438454,510.9722225,2831.642483,697.4871635,6382.489637,2279.794786,1298.755407
L-glutamate degradation VIII (to propanoate),0,0,0,0,0,0,0,0,0,0,0,0,0,0,0,0,0,0,0,0
L-lysine biosynthesis VI,7778.254881,8954.344056,4228.816424,14693.65558,6149.198437,649.9444604,349.3531455,621.8436089,2241.321626,1276.285853,6998.72765,28147.66072,3950.191609,6624.782678,13990.11312,3469.488511,1471.660331,8747.233591,8746.687175,1651.872762
pyruvate fermentation to acetate and lactate II,7398.963333,9402.163873,4766.482222,15004.82475,6582.842312,13.52486188,95.70584806,156.7810848,554.9102077,12.5376291,6327.706836,28977.32115,3259.89536,6453.95699,13449.83375,202.3816142,748.4589937,1731.667249,5328.43565,194.1366863
L-isoleucine biosynthesis II,8411.186643,10240.6266,4754.619715,17291.4313,6815.19944,844.1163505,423.5533764,731.2843286,2757.350451,1662.083653,8237.366505,32997.40633,4745.296743,7832.746783,16748.49386,4462.857413,1715.102077,10807.8349,10526.38385,2112.173214
L-isoleucine biosynthesis III,7093.689464,8798.963616,4054.973214,14388.16979,5888.000733,688.9699886,347.4848494,601.9862458,2255.819669,1354.619557,7020.669109,27982.69748,4032.478975,6625.075157,14309.50088,3624.12748,1395.945305,8729.331216,8401.712852,1715.409463
L-isoleucine biosynthesis IV,7548.640681,9358.033307,4384.946486,15679.76135,6303.712029,50.78257035,159.7594768,293.8216103,1006.148667,110.8307447,7434.233892,30297.43396,4148.225498,7183.958954,15636.7082,511.420727,1085.28836,3185.929487,7564.079884,318.915907
superpathway of geranylgeranyl diphosphate biosynthesis II (via MEP),6298.801054,8138.359235,3429.759976,12223.68761,5142.41258,489.5490543,256.5939409,487.9731368,1608.217296,965.7113756,4998.675015,23276.72908,2719.377458,5081.075087,11448.3081,2559.169,913.0082446,5918.396214,6086.010023,1227.404376
L-arginine biosynthesis III (via N-acetyl-L-citrulline),492.7459854,2158.251196,922.4312271,7462.309764,2848.014915,633.8431117,314.5706346,535.4436021,2054.127588,1249.621302,4621.966268,13744.52729,2883.007787,4254.642525,8089.497918,3328.901787,1177.136249,7907.338591,6895.974881,1551.76267
glutaryl-CoA degradation,67.98357428,275.2304363,179.9679448,792.261984,217.9537252,0,13.84642896,7.971163393,45.74589848,1.999306698,361.3346052,2142.782777,92.74328265,198.2119857,1144.366198,0,7.986213111,23.98371959,47.90273066,1.999418731
toluene degradation IV (aerobic) (via catechol),6.490615317,5.537953862,2.179264083,0,8.784801153,0,0,0,131.2227671,16.86732032,68.62244044,143.9093726,38.63214711,44.45333904,99.16181708,82.85794853,9.555009378,135.1448778,29.03584414,24.48918463
toluene degradation I (aerobic) (via o-cresol),69.39261663,87.98195604,69.53006997,0,93.79386361,0,0,0,158.6182304,16.72471191,120.1377425,273.0262331,37.52637315,105.5208649,263.7101244,81.35891756,109.4420827,202.1241844,148.6655946,53.77229443
toluene degradation III (aerobic) (via p-cresol),2.419488053,99.52087776,1.201310407,21.86028103,8.916623814,67.57943195,35.47301705,37.3673478,240.7799491,131.596818,766.0546555,432.5609774,547.4202843,118.320713,408.6723589,854.6790097,324.3525835,695.9144849,41.67570312,115.5700942
toluene degradation II (aerobic) (via 4-methylcatechol),69.39261663,87.98195604,69.53006997,0,93.79386361,0,0,0,158.6182304,16.72471191,120.1377425,273.0262331,37.52637315,105.5208649,263.7101244,81.35891756,109.4420827,202.1241844,148.6655946,53.77229443
superpathway of aerobic toluene degradation,3.439642501,6.69159107,1.663436042,0,7.586467521,0,0,0,0,0,57.4136943,179.2746702,12.70550944,57.65935921,82.64451945,5.80757054,0,0,10.33624503,5.48531968
tetrapyrrole biosynthesis I (from glutamate),2765.973135,5840.906209,2063.351159,3567.333614,2057.958633,536.5740077,264.0619095,500.7424265,1696.811954,1060.354063,3567.056819,11351.68642,2413.667124,2673.482318,4032.013895,2817.57522,1033.93247,6958.560241,7054.349906,1328.758393
tetrapyrrole biosynthesis II (from glycine),2674.276576,5619.807594,1879.151927,3224.392898,1970.232149,562.7293021,279.8244012,537.6058313,1780.899898,1103.514713,3445.660928,10552.52805,2355.944608,2212.809532,3566.324984,2940.260849,1057.545537,7002.226716,6613.077329,1378.290142
peptidoglycan biosynthesis II (staphylococci),0,170.457032,114.3535942,1454.26464,88.76782051,0,0,0,0,0,630.1929928,244.6864146,95.1673687,97.56199583,347.3481194,0,0,0,22.89109836,0
p-cymene degradation,0,0,0,0,0,0,0,0,0,0,0,0,0,0,0,0,0,0,0,0
p-cumate degradation,0,0,0,0,0,0,0,0,0,0,0,0,0,0,0,0,0,0,0,0
superpathway of sulfur oxidation (Acidianus ambivalens),2068,673,499,702,426.5,0,8,2.66,29.34,0,248.74,2923.34,105.34,821.4,1613.4,17,4,15.5,9,42
superpathway of L-methionine biosynthesis (by sulfhydrylation),230.4427589,989.128425,113.1533911,3638.613253,580.5819523,168.0578594,236.6147289,395.9887843,1568.155019,324.0815694,4813.009458,7623.566028,2992.258507,3853.701571,4564.836479,1569.405434,952.4060073,5012.584971,7429.539617,761.6283256
superpathway of L-methionine biosynthesis (transsulfuration),4974.220373,4701.347857,3189.252857,5463.212813,3936.916276,57.22035936,161.4502082,296.1078422,1049.938233,186.9738954,5878.202485,16758.07631,3464.105927,4937.653385,9481.422877,891.9609272,987.3576036,3768.297128,7157.24786,467.7150437
sucrose degradation IV (sucrose phosphorylase),3835.72327,1508.135922,1687.88749,6503.712151,1874.613975,532.8524332,246.4039961,431.8375602,1607.616723,1036.86957,3536.321372,6091.017226,2915.483546,1726.895737,5382.318804,2769.321627,1180.11503,8057.910194,9975.587294,1279.120108
reductive TCA cycle II,0,0,0,0,0,0,0,0,0,0,0,0,0,0,0,0,0,0,0,0
catechol degradation I (meta-cleavage pathway),45.0546431,6.068266852,53.40518427,0,54.77766673,0,0,0,92.70215015,12.32031692,43.6518768,192.2003703,23.94922193,66.76927845,168.3496798,58.96475165,7.278941075,111.5110386,17.81454926,15.53991149
catechol degradation III (ortho-cleavage pathway),1.868240529,6.349133986,0.804147627,1.889346319,5.740818917,471.198403,187.637042,340.4816446,1181.705644,922.631006,515.3667054,126.9253845,353.6551815,45.67090112,91.0036962,2361.298867,537.5602946,4711.331331,1104.950096,1103.514504
catechol degradation to 2-oxopent-4-enoate II,0,0,0,0,3.849150804,0,1.332191781,0,29.02941327,13.59696604,0,0,0,0,0,36.50306748,0,53.6993673,5.446772532,10.39618021
catechol degradation II (meta-cleavage pathway),0,0,0,0,6.591928409,0,2.288510729,0,45.97508683,13.52716319,0,0,0,0,0,50.81037449,0,82.50375317,9.353503869,13.07279336
meta cleavage pathway of aromatic compounds,0,0,0,0,5.378827045,0,0,0,16.8141494,7.172954551,0,0,0,0,0,37.13749404,0,57.39099902,5.609227308,11.04451741
aromatic compounds degradation via &beta;-ketoadipate,1.868240529,6.349133986,0.804147627,1.889346319,5.740818917,471.198403,187.637042,340.4816446,1181.705644,922.631006,515.3667054,126.9253845,353.6551815,45.67090112,91.0036962,2361.298867,537.5602946,4711.331331,1104.950096,1103.514504
glycolysis II (from fructose 6-phosphate),2329.373541,4448.41781,1350.896277,10167.21527,4090.143774,124.227255,280.5627322,499.1574285,1762.738527,222.0495184,6556.781128,18904.99649,3688.315276,5895.739624,10477.0586,1392.255921,1274.77538,4543.239281,7792.380692,733.5298473
vitamin B6 degradation,0,0,0,0,0,0,0,0,0,0,0,0,0,0,0,0,0,0,0,0
L-glutamate and L-glutamine biosynthesis,6503.842825,3536.897747,4161.355572,11531.17603,5812.274861,27.51972718,129.6941311,180.3668956,762.9116336,44.33201845,3342.568793,23835.91789,1413.112849,4466.24162,14798.90663,411.0927923,318.8007092,3223.111605,8735.43653,143.6496803
adenosylcobalamin biosynthesis I (early cobalt insertion),88.80529572,144.4420083,0,0,74.03728703,0,51.34754163,64.21071878,384.1895838,0,17.33442739,21.64928757,0,4.353459465,74.92065834,107.8913367,281.5464485,321.4597755,1133.154272,66.3714945
"adenosylcobalamin biosynthesis from cobyrinate a,c-diamide I",5027.393682,3188.294458,1652.615534,9847.401199,2995.817572,492.6331432,236.7914865,404.4773516,1517.147591,963.2687041,4179.063813,12168.10008,2629.406323,3579.712489,7491.889938,2576.53731,974.8791588,6275.838399,6166.827537,1214.70797
superpathway of bacteriochlorophyll a biosynthesis,0,0,0,0,0,0,0,0,0,0,0,0,3.476041451,10.12801078,25.99235024,0,0,0,0,0
chlorophyllide a biosynthesis II (anaerobic),0,0,0,0,0,0,0,0,0,0,0,0,2.921596512,8.525421962,17.69058671,2.099238191,0,0,0,0
adenosine nucleotides degradation IV,1.464838256,17.9675067,0,0,8.668787437,0,0,0,0,0,10.76163029,2.990108397,0,0,2.901610574,0,0,0,2.938437979,0
2-nitrobenzoate degradation I,0,0,0,0,0,0,1.518987342,0,8.514015865,0,0,0,0,0,0,16.23015582,0,23.62714875,0.771283423,5.107765012
L-tryptophan degradation to 2-amino-3-carboxymuconate semialdehyde,4.037637699,0,0,0,0,14.84407484,7.415730337,9.928222796,91.46219323,34.26918571,1.945261343,13.39580487,0,0,6.565008288,123.0235187,4.736842105,190.2066409,15.27174812,17.76553754
2-amino-3-carboxymuconate semialdehyde degradation to 2-oxopentenoate,0,0,0,0,0,0,1.28,0,6.947186147,0,0,0,0,0,0,13.54793249,0,19.50819672,0.625061735,4.504541851
L-tryptophan degradation IX,0,0,0,0,0,0,3.112493683,0,18.55377852,0,0,0,0,0,0,32.72947021,0,49.43566942,1.772905461,8.596601212
mannosylglycerate biosynthesis I,0,0,0,0,0,0,0,0,0,0,0,0,0,0,0,0,0,0,0,0
GDP-mannose biosynthesis,1951.351063,3740.007264,1393.791444,9739.127096,4401.658144,660.1957891,346.1061024,627.6573532,2196.472683,1298.71054,4142.184475,18985.94929,1849.341519,5544.051422,9822.151574,3458.853129,1222.59647,10221.1035,13360.34705,1685.316563
CDP-diacylglycerol biosynthesis I,7801.994503,8525.534865,3676.585049,13860.45647,5301.434706,1166.254493,532.6535057,992.7067435,3392.864043,2291.323339,6328.127967,24571.79762,3695.32491,5894.652996,12513.19245,5996.19818,1824.37756,13400.02234,9271.736306,2797.352153
acetyl-CoA fermentation to butanoate II,484.2128095,1301.715451,720.8537854,9283.943838,1017.5598,1.801458098,70.49174496,81.95641492,469.2518601,11.97299908,1192.276477,10166.91037,630.2017099,1892.988141,4132.248746,183.9969352,104.3510255,1416.799324,535.5739033,69.96145983
succinate fermentation to butanoate,469.5178096,417.0787911,426.9019234,1172.331551,506.9165307,0,44.39427291,25.10303631,231.4081934,4.147739593,311.5281112,1568.370454,65.98387224,461.0166029,899.3225147,80.63956548,31.98777871,188.9768307,317.2032534,20.43333581
UMP biosynthesis,7000.424866,8886.266644,3785.345879,13794.19585,5548.056514,592.7797857,307.746913,535.7242167,1969.230802,1164.066694,6457.155348,25688.34614,3539.602376,6053.404636,12773.03866,3136.797876,1264.75898,7590.437204,7649.137336,1489.839107
urate biosynthesis/inosine 5'-phosphate degradation,5554.385633,4124.083228,4688.298511,16017.4325,6168.984726,718.128666,368.0565212,638.8524002,2348.169947,1404.977819,6477.902796,29857.50186,4007.594377,6274.0414,14934.76335,3786.571862,1445.177615,8890.240828,6321.349524,1782.321023
allantoin degradation to glyoxylate III,138.5850188,463.67391,597.4139643,2235.435877,513.0878136,0,61.74201399,64.33209139,420.2895115,11.4105595,448.1039828,4352.353373,371.1445377,578.010633,1242.571863,104.3945195,123.2154648,1736.76949,5339.023631,33.42540406
ethylmalonyl-CoA pathway,0,0,0,0,0,0.783688571,0,0,35.22826854,10.21922807,0,0,0,0,0,22.79763743,0,31.51517741,6.003336123,7.631826119
glyoxylate assimilation,0,0,0,0,0,0,0,0,0,0,0,0,0,0,0,0,0,0,0,0
2-methylcitrate cycle II,17.19674972,91.11295698,0,22.84402498,25.64271588,481.4579439,207.4326899,360.8975313,1338.251298,935.9134615,221.941805,278.2941611,165.8296868,70.63666211,297.9531565,2417.178054,530.654903,6347.821589,6666.19184,1122.398422
superpathway of CDP-glucose-derived O-antigen building blocks biosynthesis,0,0,0,3.970857839,7.044190603,0,0,0,0,0,0,0,3.696223026,12.53868951,0,0,0,0,0,0
"1,4-dihydroxy-2-naphthoate biosynthesis I",39.24599024,221.5619051,22.4834558,252.8792994,167.6791165,0,12.11276856,12.29526907,95.36795377,0,2829.631937,1079.106201,2215.329459,1603.232444,1194.705392,65.67535447,513.067535,1396.6759,5189.59723,38.87408582
superpathway of menaquinol-8 biosynthesis I,60.11406572,546.2984909,63.97391121,757.1792801,471.2675157,0,19.79294766,17.57555547,145.9567433,0,3624.879316,2891.224124,2434.148111,2645.182405,2739.940284,104.2349929,616.1849002,1906.69932,5390.77303,72.32193048
superpathway of menaquinol-7 biosynthesis,62.08292356,555.4055351,64.91189771,761.4209382,474.1253031,0,19.44173291,17.41952849,142.4998439,0,3520.167662,2910.479184,2407.592793,2580.053838,2742.739918,97.89237219,596.6261701,1818.3594,5342.640713,70.02045247
superpathway of menaquinol-9 biosynthesis,56.45001939,456.2479405,35.73507627,457.0448939,361.955073,0,18.27799434,16.40688301,136.0398311,0,3520.167662,2167.924256,2407.592793,2423.710289,2202.176788,96.21909005,596.6261701,1818.3594,5342.640713,62.88362814
superpathway of menaquinol-6 biosynthesis I,56.45001939,456.2479405,35.73507627,457.0448939,361.955073,0,18.27799434,16.40688301,136.0398311,0,3520.167662,2167.924256,2407.592793,2423.710289,2202.176788,96.21909005,596.6261701,1818.3594,5342.640713,62.88362814
ubiquinol-7 biosynthesis (prokaryotic),99.56649242,416.5072043,144.7687766,356.5042712,242.8631821,550.6469199,242.3058986,443.6518549,1601.498131,1081.195512,3172.042308,2989.516873,2470.824459,1638.717905,2039.816411,2869.026721,1052.188332,7030.339225,6999.429499,1291.608583
ubiquinol-9 biosynthesis (prokaryotic),99.56649242,416.5072043,144.7687766,356.5042712,242.8631821,550.6469199,242.3058986,443.6518549,1601.498131,1081.195512,3172.042308,2989.516873,2470.824459,1638.717905,2039.816411,2869.026721,1052.188332,7030.339225,6999.429499,1291.608583
ubiquinol-10 biosynthesis (prokaryotic),99.56649242,416.5072043,144.7687766,356.5042712,242.8631821,550.6469199,242.3058986,443.6518549,1601.498131,1081.195512,3172.042308,2989.516873,2470.824459,1638.717905,2039.816411,2869.026721,1052.188332,7030.339225,6999.429499,1291.608583
superpathway of demethylmenaquinol-6 biosynthesis I,45.94738543,336.3588994,24.49853159,315.6829515,256.2263604,0,12.54156044,11.08211262,93.69497973,0,3249.850624,1546.344366,2326.600523,2023.321875,1646.676714,64.95777035,502.1308657,1343.262802,4978.512764,42.68057891
superpathway of demethylmenaquinol-8 biosynthesis,49.64156761,411.3397399,44.86263122,535.6706633,339.9575302,0,13.61404286,11.88265629,100.7682021,0,3385.271716,2111.523141,2363.983946,2260.298041,2111.501171,70.44358974,523.0919386,1415.956582,5041.430695,49.22017625
superpathway of demethylmenaquinol-9 biosynthesis,45.94738543,336.3588994,24.49853159,315.6829515,256.2263604,0,12.54156044,11.08211262,93.69497973,0,3249.850624,1546.344366,2326.600523,2023.321875,1646.676714,64.95777035,502.1308657,1343.262802,4978.512764,42.68057891
superpathway of phylloquinol biosynthesis,44.81064162,252.1713467,25.67226019,288.2011137,190.7585506,0,13.74685839,14.00009231,108.0013259,0,2883.36346,1225.207314,2174.99091,1738.787132,1344.735126,74.75709281,522.673894,1531.198359,5138.247577,44.21872616
superpathway of menaquinol-10 biosynthesis,56.45001939,456.2479405,35.73507627,457.0448939,361.955073,0,18.27799434,16.40688301,136.0398311,0,3520.167662,2167.924256,2407.592793,2423.710289,2202.176788,96.21909005,596.6261701,1818.3594,5342.640713,62.88362814
superpathway of menaquinol-11 biosynthesis,58.26367044,504.4406496,57.99098881,678.9293233,426.591022,0,18.59962347,16.61897024,137.7776278,0,3580.245374,2638.688895,2423.878142,2561.1929,2555.949238,97.92545835,602.9368101,1826.199338,5361.026045,67.28034406
superpathway of menaquinol-12 biosynthesis,58.26367044,504.4406496,57.99098881,678.9293233,426.591022,0,18.59962347,16.61897024,137.7776278,0,3580.245374,2638.688895,2423.878142,2561.1929,2555.949238,97.92545835,602.9368101,1826.199338,5361.026045,67.28034406
superpathway of menaquinol-13 biosynthesis,58.26367044,504.4406496,57.99098881,678.9293233,426.591022,0,18.59962347,16.61897024,137.7776278,0,3580.245374,2638.688895,2423.878142,2561.1929,2555.949238,97.92545835,602.9368101,1826.199338,5361.026045,67.28034406
superpathway of geranylgeranyldiphosphate biosynthesis I (via mevalonate),0,0,6.601240835,0,0,0,0,0,1.671366747,0,83.07320507,0,0,34.06963991,99.62690423,16.29892942,136.9600479,2.499037775,0,18.98151217
TCA cycle VI (obligate autotrophs),165.903986,1435.355303,193.9020477,2311.314794,2306.737891,499.3718719,233.697479,413.406634,1552.303508,984.9863014,5303.300771,10512.34515,3156.362018,4567.732487,6381.125693,2674.454183,958.6267055,6319.533339,6860.694415,1214.848509
superpathay of heme biosynthesis from glutamate,106.3130287,682.2452402,19.20173744,482.4558256,406.3804643,517.3428764,243.7114854,459.6314449,1578.935178,1017.548401,3092.404151,2343.282319,2308.441753,1767.382914,1812.723961,2706.220364,985.8810285,6753.150343,6945.180097,1255.44949
superpathway of heme biosynthesis from glycine,12.73692162,334.5349478,11.07369539,160.8595468,162.3007137,25.08989075,0,135.9862633,200.2252922,75.68776473,790.1227078,1341.161601,382.8930319,976.4014847,1288.245252,270.895722,23.57899256,245.3152936,1052.668545,78.28943457
glycogen degradation II (eukaryotic),0,0,0,0,0,1.99417756,0,3.97788446,35.47356097,19.70699151,0,0,0,0,0,7.982115973,0,0,0,0
palmitate biosynthesis II (bacteria and plants),294.256263,715.3496994,369.102551,1664.680563,188.6600963,0,0,0,128.5676192,0,3617.403934,0,0,1989.879265,4960.688284,1064.25778,1649.729262,197.0668764,0,976.2514797
cis-vaccenate biosynthesis,6862.480654,8839.735112,3523.931169,13738.00328,5794.956323,840.8241488,420.7948788,780.4809913,2768.248321,1667.207921,7343.491235,26890.91932,4195.470241,6798.53811,13818.4261,4478.025625,1684.855339,11825.55992,13082.72097,2132.446434
stearate biosynthesis II (bacteria and plants),223.9146065,877.0868651,658.0308862,1859.799392,2574.900757,904.5778882,443.3160069,813.1550335,2907.419128,1789.923048,5605.863554,5459.142786,3996.530731,4335.159227,7811.304518,4805.741769,1730.970464,12342.95927,11103.48671,2276.035412
superpathway of phenylethylamine degradation,29.97888006,137.7686818,7.302480374,22.03114186,75.49518642,0,0,0,17.19176189,8.275390198,2834.26153,660.8143164,2444.416393,1274.992562,700.2262824,121.0810243,663.3324832,112.1167417,4.486252689,24.14691163
chlorosalicylate degradation,0,0,0,0,5.25,0,0,0,11.71888726,0,0,0,1.497917361,4.408312958,8.892806098,0,0,5.991643454,0,8.671732523
5-aminoimidazole ribonucleotide biosynthesis I,6922.378838,8541.763657,3788.609106,13736.02686,5640.667117,552.7329939,288.144503,498.1568055,1871.23349,1089.841334,6295.391037,25520.22136,3419.307575,5962.021036,12930.09379,2962.932277,1210.366757,7011.25208,6847.827549,1396.037644
5-aminoimidazole ribonucleotide biosynthesis II,7280.607318,8580.422538,3929.051883,13930.64345,5551.136668,498.214834,263.4489502,454.9632783,1713.247046,983.1360246,5905.870499,25426.05179,3146.793194,5690.626085,12655.82046,2677.846804,1105.219608,6322.805427,6180.418397,1265.593317
inosine-5'-phosphate biosynthesis I,6096.675188,8317.632557,3169.9658,12023.93729,5176.02294,494.2483579,252.4975532,434.4328468,1602.597779,969.1596782,5636.253581,22985.13512,3023.51827,5391.74665,11170.71426,2614.702154,1063.75521,6269.481082,6123.324773,1249.131562
superpathway of guanosine nucleotides de novo biosynthesis II,972.0235205,3140.561697,1489.137753,6295.013805,3410.157173,535.7072883,274.0912329,498.0547956,1756.899214,1055.522943,5395.279528,14517.34989,3356.829434,4954.915495,8801.455439,2842.53117,1202.258843,7086.207748,7614.823127,1335.594824
superpathway of adenosine nucleotides de novo biosynthesis II,7560.519542,9951.141583,4200.235385,14924.55094,6146.368805,601.6877096,319.8887965,564.707511,2025.88001,1183.693637,6726.365285,28236.08621,3693.111203,6333.410161,13450.51011,3172.900656,1313.941309,7806.925993,8114.00519,1516.208354
CMP-pseudaminate biosynthesis,0,0,0,0,0,0,0,0,0,0,0,0,0,0,0,0,0,0,0,0
6-hydroxymethyl-dihydropterin diphosphate biosynthesis I,3819.909549,2358.877744,950.8250261,5928.114413,2761.439599,693.0200041,307.4856123,573.6108241,1989.936674,1358.339787,4547.333222,11707.93704,2684.751232,3898.016639,6960.066752,3585.981214,1197.20195,8424.225662,6953.94054,1664.647706
S-adenosyl-L-methionine cycle I,5295.647463,3338.711597,2332.296277,9445.798949,3290.143786,22.47571801,103.6989098,143.0922188,615.1118123,58.18726379,4476.324423,11241.67849,2913.763222,3804.113213,7396.462698,493.8377464,793.919792,2375.703299,5547.658617,215.3840179
chorismate biosynthesis from 3-dehydroquinate,7199.368569,7037.841725,3202.799342,11430.97492,4885.873728,641.2010289,325.9091617,600.9964683,2100.596612,1264.513046,6009.006729,22352.54054,3367.153765,5471.914613,11549.76294,3378.293371,1326.917076,8724.993168,9229.164235,1608.795679
chorismate biosynthesis II (archaea),0,0,0,0,0,0,0,0,7.60181484,0,0,0,14.21979425,0,0,0,0,3.838944015,0,3.68701895
superpathway of salicylate degradation,1.804940321,7.274600531,0.771416185,2.14787515,6.269167817,58.97434761,43.77611341,47.29830437,432.0697594,114.8389204,508.6998428,135.8391457,354.4951551,48.19593698,100.0723543,743.9960397,279.2809475,2852.738232,1241.653659,235.251214
4-methylcatechol degradation (ortho cleavage),2.052221565,7.799589209,0.854932735,2.298109334,5.52430618,43.68586099,23.15546772,23.94756629,157.6463157,85.04283728,562.4039512,147.4024752,389.1170218,51.63562812,103.7528326,583.8710224,237.3785112,450.2225097,26.27028538,74.00806981
sucrose degradation III (sucrose invertase),9669.507241,8626.299801,4494.720618,13265.75419,5738.276777,494.7242865,255.9751161,448.3246614,1580.825489,961.9057444,6466.232691,27815.63735,4314.739677,5697.142168,11733.91375,2589.983388,1318.363816,7555.305953,9011.6167,1231.177742
2-aminophenol degradation,0,0,0,0,0,0,0,0,0,0,0,0,0,0,0,0,0,0,0,0
superpathway of menaquinol-8 biosynthesis II,25.49729163,618.8689347,61.88154841,2192.561736,278.6444121,0,5.826938189,0,17.74247323,0,742.4135632,4670.789702,205.4929657,851.0299522,2102.745262,0,5.965011727,8.912889046,28.01141749,14.67518915
adenosylcobalamin salvage from cobinamide II,5056.444593,3214.820648,1656.813562,9916.545801,3009.24638,494.7836721,237.9154847,405.9550311,1523.94557,967.6037983,4196.448991,12246.94122,2640.294542,3599.604434,7520.57353,2589.172219,978.0881804,6306.69808,6201.045784,1220.174693
superpathway of 5-aminoimidazole ribonucleotide biosynthesis,7280.607318,8580.422538,3929.051883,13930.64345,5551.136668,498.214834,263.4489502,454.9632783,1713.247046,983.1360246,5905.870499,25426.05179,3146.793194,5690.626085,12655.82046,2677.846804,1105.219608,6322.805427,6180.418397,1265.593317
palmitoleate biosynthesis I (from (5Z)-dodec-5-enoate),224.2435433,876.7650411,662.2285934,1852.995426,2540.339226,908.5751599,444.3977508,819.3204423,2910.981816,1798.163011,5479.173041,5394.323005,3879.099274,4187.968978,7699.937447,4805.912047,1756.629403,12394.6032,11160.00048,2280.42505
galactose degradation I (Leloir pathway),6548.958342,5625.563995,3149.54489,11144.66302,4257.636475,3.991657895,84.2958638,112.7990166,527.1531924,12.87866076,5911.180293,18886.90745,3643.546689,4386.003656,10573.54294,202.0193202,911.9137086,2452.742449,6431.369371,156.0760137
superpathway of vanillin and vanillate degradation,0,0,0,0,0,0,0,0,7.184699574,2.06774952,0,0,0,0,0,28.91893941,0,41.56943361,2.622185224,11.20446287
syringate degradation,0,0,0,0,0,0,0,0,0,0,0,0,0,0,0,0,0,108.1796887,0,20.7359516
purine nucleotides degradation II (aerobic),1167.291831,3335.360793,1330.840431,9079.751725,4153.482645,25.06573107,209.9608185,353.0551781,1314.453816,46.60446851,6246.562478,18325.24442,3959.554119,4812.18874,9796.376255,572.5360368,1139.918353,3688.728118,6216.57211,401.224404
"mono-trans, poly-cis decaprenyl phosphate biosynthesis",0,0,0,0,0,0,0,0,0,0,0,33.65114643,15.94474462,0,7.967584881,0,0,0,0,0
peptidoglycan biosynthesis III (mycobacteria),6382.502442,8874.944958,3531.308912,12031.20113,5069.68029,493.2104665,255.6932061,464.3404616,1614.37971,971.9178443,5627.711198,23332.96172,3015.614177,5217.245403,11154.87802,2620.401221,1102.144637,6478.365169,6944.899795,1256.19015
UDP-N-acetylmuramoyl-pentapeptide biosynthesis II (lysine-containing),6485.741432,8778.792673,3566.656214,12258.46237,5112.105424,493.7378762,258.1218823,470.5681528,1638.242805,972.4714789,5685.454683,23546.5033,3025.60222,5269.527397,11497.21151,2621.390791,1099.960434,6535.73126,7110.525003,1258.770287
UDP-N-acetylmuramoyl-pentapeptide biosynthesis I (meso-diaminopimelate containing),6517.919307,9217.30064,3805.657315,12768.64633,5337.413696,496.2276301,262.3092161,482.5956902,1663.030335,978.087078,5773.352839,24968.27564,3082.717635,5405.36964,11675.76709,2644.446332,1115.659627,6574.55671,7204.511581,1263.062719
"superpathway of 2,3-butanediol biosynthesis",37.26102473,115.0742311,6.15184016,146.8879159,59.16929516,3.982869379,24.28426396,43.06925208,159.3761411,3.991169978,109.6985588,1521.482833,156.6356211,316.8899514,26.0155667,105.475871,121.3576799,47.25647598,72.06193718,10.44947296
mycolyl-arabinogalactan-peptidoglycan complex biosynthesis,0,0,0,0,0,0,0,0,0,0,0,0,0,0,0,0,0,0,0,0
superpathway of mycolyl-arabinogalactan-peptidoglycan complex biosynthesis,0,0,0,0,0,0,0,0,0,0,0,0,0,0,0,0,0,0,0,0
Kdo transfer to lipid IVA III (Chlamydia),76.79,1184.41,176.23,3489.34,1649.58,487.5,219,415.33,1448.75,966,3778.93,7989.15,2454.26,3204.56,5056.32,2546.5,942.71,7454,11039.74,1171.67
peptidoglycan biosynthesis V (&beta;-lactam resistance),447.7977116,1173.550217,1123.14724,1506.070291,295.8939086,0,0,0,5.059425135,0,842.3248404,2704.03012,167.3887537,228.7585465,1265.71031,53.27394373,270.0177508,21.38850393,85.46858629,60.92716658
peptidoglycan biosynthesis IV (Enterococcus faecium),2541.382627,4697.939356,2351.682226,6207.283735,2921.596396,0,57.89273182,101.3718753,19.00596959,0,1911.755041,12344.09408,673.2707521,1682.357477,2745.779474,156.2179166,427.579312,66.60693906,362.1052263,243.5118756
GDP-D-glycero-&alpha;-D-manno-heptose biosynthesis,224.0125993,388.3819114,846.3356082,2709.35138,915.964002,3.983272232,39.99969945,69.18568675,274.8248924,1.997850588,935.4788491,5746.3085,503.9929409,1203.28062,3288.191835,29.8179707,39.46277544,43.84036932,160.1673779,16.55820484
D-galacturonate degradation II,0,0,0,0,0,0,0,0,0,0,0,0,0,0,0,0,0,0,0,0
L-tryptophan degradation XII (Geobacillus),0,0,0,0,0,0,0,0,0,0,0,0,0,0,0,0,0,0,0,4.058504317
4-deoxy-L-threo-hex-4-enopyranuronate degradation,677.606123,2129.526376,1407.293069,7948.174758,3559.579352,26.2832947,55.43551609,74.13121848,476.6494151,50.63111231,5247.316947,14101.9571,3288.332962,4780.424312,9445.006968,301.7178594,684.1314584,2433.902144,6294.565882,120.4433521
8-amino-7-oxononanoate biosynthesis I,178.1814422,1136.936413,489.079581,2571.451696,2619.296252,784.0009136,360.2209422,658.2011769,2347.537311,1539.296224,5417.391452,6935.698827,3702.379421,4337.688299,7418.257852,4109.67374,1530.820354,10474.55596,10035.41105,1918.479804
pyrimidine deoxyribonucleotides de novo biosynthesis III,712.8153917,1225.049624,901.9957746,3932.644225,1165.797246,4.472889702,28.79171929,46.03767583,146.9148192,4.48622722,1001.056783,5635.192679,353.5188944,1278.887746,2942.210647,17.91744085,57.05529177,8.99133234,98.26495191,56.6535036
norspermidine biosynthesis,7.26657292,139.395921,4.675224739,30.67288208,20.72577218,0,0,0,0,0,1102.156428,519.2553517,644.7882455,643.0217329,537.5539075,45.35170299,244.9395566,17.37048848,9.163388004,13.52858402
superpathway of polyamine biosynthesis III,0,0,0,0,0,0,0,0,0,0,0,0,0,0,0,0,0,0,0,0
chondroitin sulfate degradation I (bacterial),27.88851596,670.9750087,164.881307,2110.242471,1059.554986,0,0,0,1.616679466,0,1237.900982,6516.632569,452.9884255,1873.884331,3639.695719,3.187044534,20.24108909,0,23.77902443,1.850031503
pyruvate fermentation to acetone,282.5466137,1013.69398,123.1812641,5444.97665,938.6329442,0,9.679775295,5.270268474,56.27383997,9.329497417,4224.04277,6511.244055,3125.163146,2933.338146,3013.458872,72.95470259,779.1207851,78.78531483,66.34868899,33.18734646
superpathway of Clostridium acetobutylicum acidogenic fermentation,228.9048472,991.1093686,727.3072317,3388.453102,1166.079589,0,44.22981657,43.79295904,209.152404,0,2212.231688,7953.29662,906.6732311,2834.31851,4268.630125,68.42727647,76.77494071,52.21954998,206.482752,61.86751848
guanosine nucleotides degradation III,4880.371692,2794.027543,1857.255808,10060.89412,4208.436417,697.9612338,307.5260547,544.2071327,1949.608691,1367.818701,6477.902796,18904.23877,4007.594377,5713.951362,11669.55061,3620.426655,1198.976391,7285.068855,5843.966057,1657.363967
adenine and adenosine salvage III,6149.944083,8001.973822,3741.882358,14385.09636,5499.312567,13.79918011,139.5426431,231.0554901,866.1043444,25.64456512,5707.329306,25191.26409,3534.984513,5807.669038,12217.29884,325.1487798,852.0988974,2309.909627,5560.091259,233.6967556
superpathway of tetrahydrofolate biosynthesis,1989.390754,2983.984132,918.0926043,7038.694388,3284.93319,590.8465058,281.3069935,502.6828906,1789.177115,1159.489146,5256.704067,14152.55338,3154.721583,4497.343563,8174.770964,3093.449617,1198.180871,7404.209625,6724.309949,1454.847749
superpathway of L-phenylalanine biosynthesis,2922.355888,7390.197964,2930.685843,5704.959035,3618.571494,790.283644,387.1589829,707.533924,2466.56534,1552.448602,5662.463316,17790.52467,3418.44304,4262.450188,5620.27363,4114.439342,1503.508771,10270.06737,9516.382558,1954.765057
superpathway of L-tryptophan biosynthesis,0,0,0,0,0,0,83.46073361,101.486294,679.5884932,0,0,0,28.58513904,0,0,193.8585345,241.5102099,6070.206228,8690.761699,202.8320249
superpathway of L-tyrosine biosynthesis,2924.028564,7336.685173,2915.542156,5675.492392,3600.509089,219.6913873,258.1408251,426.1589183,1727.93968,490.0603634,5573.741274,17584.14784,3357.321523,4226.30979,5586.532925,2016.315582,1310.672279,6748.264611,8993.679078,918.6145977
superpathway of sulfolactate degradation,0,0,0,0,0,0,0,0,5.514400937,0,3.985626858,4.997407009,0,0,4.995518742,4.745831154,0,8.09772038,3.068213488,5.901446768
2-heptyl-3-hydroxy-4(1H)-quinolone biosynthesis,0,0,0,0,0,0,0,0,0,0,0,0,0,0,0,0,0,0,0,0
cinnamate and 3-hydroxycinnamate degradation to 2-oxopent-4-enoate,0,0,0,0,0,0,1.996441281,0,0,3.997097242,0,0,2.828571429,0,0,29.75577193,2.996590909,32.55238909,0,5.828184127
queuosine biosynthesis,413.2673373,2067.546683,365.4032977,4348.716473,2476.634958,492.2486045,230.4534445,401.0667302,1490.403178,965.9778632,4529.720266,9862.325501,2762.393493,3904.599761,6624.871849,2584.628489,999.3229211,6505.651453,6847.805187,1205.188694
preQ0 biosynthesis,290.2904169,1486.370746,351.2665729,3867.45901,1945.990772,585.5022465,258.3910357,443.4539556,1673.630886,1145.4373,4015.6238,8650.032086,2583.101974,3444.726733,5666.446788,3027.418476,1042.538769,7282.026733,6399.083728,1386.871456
ubiquinol-8 biosynthesis (prokaryotic),99.56649242,416.5072043,144.7687766,356.5042712,242.8631821,550.6469199,242.3058986,443.6518549,1601.498131,1081.195512,3172.042308,2989.516873,2470.824459,1638.717905,2039.816411,2869.026721,1052.188332,7030.339225,6999.429499,1291.608583
L-rhamnose degradation II,1.8477997,0,0,0,0,0,0,0,13.95374729,0,0,0,0,0,0,22.99563862,0,24.78010418,2.498346638,2.374482821
methylaspartate cycle,0,68.80537349,0,48.72457624,0,0,0,0,0,0,0,66.66698566,0,0,149.1300314,30.44289172,0,0,0,18.89915025
starch degradation III,0,0,0,0,0,0,0,0,0,0,0,0,0,0,0,0,0,0,0,0
starch degradation V,8546.988783,8705.500477,4358.085264,16376.89797,6289.383991,629.747191,322.5370899,589.1716059,2002.114987,1231.332611,7365.44222,26512.23805,4348.642185,6604.438603,14068.45317,3288.610824,1463.061107,9154.368057,9418.173994,1608.256585
CMP-legionaminate biosynthesis I,192.3849843,234.7335861,178.9477661,4540.949623,382.3478517,0,3.968869462,0,5.989370633,0,489.1313874,836.8064685,224.6836034,635.091055,805.5477138,3.997010814,10.28907829,3.99874787,20.3077281,2.996374787
isopropanol biosynthesis,0,0,7.991631339,0,17.6256992,0,0,0,56.27383997,9.329497417,4.997723433,0,0,0.339987292,3.999253607,29.50078271,0,61.26792874,8.654724447,33.18734646
thiazole biosynthesis II (Bacillus),2180.955764,1265.746336,299.8707142,1987.241869,644.3301782,0,20.5464949,33.28402188,189.9125178,0,3170.606312,4172.28411,2387.079135,2281.768761,1922.214132,130.8938724,675.8250648,2451.905019,5778.269555,89.09038781
thiazole biosynthesis I (E. coli),4091.01287,2756.829567,915.3695532,5563.467027,2733.068383,5.957691253,98.09096634,136.2152238,641.2130257,14.86557386,4550.00488,10048.17328,2790.830317,4080.908601,6496.17747,238.6405901,781.2946691,2934.147166,6301.796252,248.1669292
superpathway of thiamin diphosphate biosynthesis II,182.7442829,1937.770606,384.8591459,4452.959858,1632.077039,0,75.51895267,124.1654272,631.2725808,0,4385.620922,9456.590518,2730.261469,3747.364486,4966.456042,545.0446703,874.7325721,4776.949528,5974.67694,343.5782612
thiamin salvage II,5322.719353,2720.293725,2074.637352,6578.020657,3166.917441,496.6182869,229.2831865,393.7872598,1513.640986,975.8609731,4762.968605,13725.75952,2807.032182,4390.133054,8118.341808,2621.14019,947.2558951,6271.772062,6343.941363,1200.408008
superpathway of glucose and xylose degradation,1396.565543,3590.458463,2450.612846,10373.9281,4300.521158,70.43218124,242.9199048,425.0486439,1489.578569,88.62341174,5634.217154,19783.463,2871.534521,5210.33797,10850.20591,876.2747821,1087.400038,1115.215661,2603.360115,761.0713446
chitin derivatives degradation,34.26231184,79.45924211,13.78210256,32.57831297,214.5614638,3.887340764,11.47687752,25.94345998,91.08594373,0,359.7885376,1232.995701,118.5293683,507.2935642,1472.23442,21.02867036,21.0616253,49.10230988,39.74930533,18.83445238
androstenedione degradation,0,0,0,0,0,0,1.194312796,0,0,2.25,0,0,0,0,0,15.23493026,0,18.81967033,0,0
mandelate degradation to acetyl-CoA,0,0,0,0,4.359667443,0,0,0,0,0,0,0,0,0,0,0,0,0,0,6.488294365
TCA cycle V (2-oxoglutarate:ferredoxin oxidoreductase),314.0864972,3060.465129,618.2157666,7372.601643,3914.828461,115.0781979,198.9211685,354.0153283,1438.439531,266.3011134,6213.56103,16986.76197,3685.310432,5759.049612,10260.14832,1145.357206,1014.617249,4656.127811,8269.41036,653.7756899
"1,5-anhydrofructose degradation",0,0,0,0,0,0,0,0,0,0,0,0,0,0,3.74953831,0,0,0,0,0
glycerol degradation to butanol,639.9828648,1100.585818,339.0450841,3429.496175,1752.534403,0,24.53733105,14.81355712,75.99867724,0,3346.990693,10658.52024,1792.45864,2658.897078,5333.981661,107.6103131,523.2543611,142.8380302,161.2663175,57.68079137
methyl ketone biosynthesis,0,0,0,0,0,0,0,0,0,0,0,33.89137898,15.97409284,0,7.989169066,0,0,0,0,0
"L-1,2-propanediol degradation",4668.84337,1125.439208,731.1067444,2689.59064,1156.088169,0,58.0208906,58.87382455,462.7280287,0,6608.410436,2542.449413,5560.554867,3168.680453,2454.346398,244.920612,1526.889057,6786.620032,19226.05974,147.6468669
4-coumarate degradation (anaerobic),0,0,0,0,3.776303691,0,0,0,0,0,0,0,0,0,0,0,0,0,0,2.999664809
nitrifier denitrification,0,0,0,0,0,0,0,0,0,0,0,0,0,0,0,0,0,0,0,0
"UDP-2,3-diacetamido-2,3-dideoxy-&alpha;-D-mannuronate biosynthesis",23.74894244,150.0314674,6.51459854,85.47667771,49.59084222,0,0,0.711483179,4.081694634,1.206896552,42.87871769,68.92616306,8.60182185,35.57608554,68.21932635,5.640495868,3.312302839,7.433628319,4.043035108,1.584401113
fatty acid salvage,5.228742467,109.0857806,0,202.0935366,63.24329962,1167.505443,494.207996,867.6117369,3223.565058,2291.324264,297.3342548,736.6619972,34.81253098,250.2201136,968.2258447,6111.576763,1484.49768,13895.26052,10191.7934,2761.023585
vanillin and vanillate degradation I,0,0,0,0,0,0,0,0,7.184699574,2.06774952,0,0,0,0,0,28.91893941,0,41.56943361,2.622185224,11.20446287
vanillin and vanillate degradation II,0,0,0,0,0,0,0,0,8.080678608,2.325996775,0,0,0,0,0,32.51657663,0,46.74813369,2.949665098,12.59963851
pyruvate fermentation to isobutanol (engineered),11300.60809,10886.02024,6553.203349,21489.31466,7576.335902,1655.603889,789.9523169,1377.358149,5156.762017,3242.363468,11402.55592,37009.14429,7739.232951,9155.537892,19291.26647,8564.38823,3115.877402,20821.63333,18671.64682,4059.287367
"chlorophyllide a biosynthesis III (aerobic, light independent)",0,0,0,0,0,0,0,0,0,0,0,0,2.921596512,8.525421962,17.69058671,2.099238191,0,0,0,0
pyrimidine deoxyribonucleotides de novo biosynthesis I,758.9603952,2076.500507,1030.54329,4308.32586,2286.898733,555.9984424,251.1039273,482.9703079,1629.967513,1094.73162,4206.866008,9848.028192,2827.109688,3586.333595,5245.158559,2920.775049,1136.255672,6784.139401,4068.199808,1340.439183
UTP and CTP dephosphorylation I,0,0,0,0,0,0,0,0,0,0,0,0,0,0,0,0,0,0,0,0
pyrimidine deoxyribonucleotides de novo biosynthesis II,1677.872141,3105.397931,1399.351507,5950.708762,2727.284406,491.4234427,238.6172594,444.393043,1527.603178,965.23782,4312.364617,12733.39704,2724.084848,3868.173432,5986.190965,2575.20027,1028.338583,6203.716007,6208.650775,1206.410321
superpathway of pyrimidine ribonucleosides salvage,910.6814871,2981.176529,1404.557464,6091.203182,3275.271676,19.00582213,155.3407196,292.9324805,893.7165749,66.97284485,5197.362623,13762.5121,3121.663905,4833.506815,8659.952882,510.0167988,971.9137684,3380.348208,6509.28694,437.1684115
pyrimidine deoxyribonucleotide phosphorylation,549.8307167,1958.662101,876.866419,3948.364093,1959.016194,491.9984787,224.666978,439.5168073,1466.835719,969.9969136,3770.243736,8681.165574,2564.673785,3378.600798,5330.126003,2561.908172,996.4609272,6211.123669,6320.65317,1190.032402
pyrimidine deoxyribonucleotides de novo biosynthesis IV,604.0677707,1046.042631,849.391877,1551.42971,999.3544996,3.484131911,22.86941184,36.37258129,116.1289398,0,813.4233483,4941.26965,281.4054046,1015.28777,2528.982492,13.95152165,44.77102104,6.994793502,76.58402789,44.40448362
pyrimidine deoxyribonucleosides salvage,1823.296482,5384.636016,2175.182344,8325.877328,3823.638113,10.19421823,49.83285899,66.60493851,323.4899195,22.84716349,4704.986864,16226.4981,2791.671041,4372.712212,7395.496598,197.8060719,646.925458,1659.795506,5124.103899,134.5013085
superpathway of pyrimidine deoxyribonucleoside salvage,738.6343672,2664.81287,1144.973687,4945.031117,2413.768137,27.26300648,80.11652595,112.0358662,523.297697,57.04491103,4024.892095,10447.87063,2584.602541,3495.300416,5264.414232,423.2141269,806.2572195,2822.798123,4045.887868,261.1599946
superpathway of pyrimidine nucleobases salvage,7120.852576,10159.12682,4250.124145,14261.75967,5803.548306,655.7779162,330.6874551,621.2934121,2101.447907,1289.579571,6523.697194,27334.91873,3484.140586,6318.500049,13044.06089,3447.349597,1402.471216,8160.744541,7590.657343,1643.986625
pyrimidine deoxyribonucleotides biosynthesis from CTP,828.9357616,1196.119625,1015.219724,1856.517354,1144.476055,4.964857155,31.4394842,50.47284796,161.0449083,0,1063.19088,5512.34542,384.8336548,1261.926426,2837.695122,19.8925474,62.95640176,9.988339682,108.3871154,62.5973293
superpathway of pyrimidine deoxyribonucleotides de novo biosynthesis,930.9720669,1917.492348,1282.822801,4100.793468,1995.463498,573.3888967,269.5227958,500.1756266,1746.213047,1128.037451,4577.416062,9872.766462,3017.203112,3572.264905,5687.963045,3014.64122,1178.198668,7145.627289,5303.390691,1399.251927
adenosine ribonucleotides de novo biosynthesis,7389.005042,9375.71906,3958.479765,14168.48898,5830.900568,607.7212352,311.4778654,569.4103163,1996.155323,1192.663379,6536.412229,26512.10928,3577.887924,6156.705759,13083.42855,3211.664409,1297.161142,7769.309536,7848.945481,1523.3867
nicotinate degradation I,0,69.36652293,0,16.398978,0,0,0,0,3.931276943,0,147.3838808,195.1450816,118.3803668,45.39717221,232.1508868,4.422621964,0,3.32521923,2.487095103,6.199689625
adenosine deoxyribonucleotides de novo biosynthesis II,8862.02421,13694.36516,6529.422357,20450.66574,8399.980442,593.8269345,367.7395048,631.8781545,2236.361782,1172.430054,8016.543383,39882.02352,4308.179275,7828.782104,16626.32253,3122.886968,1392.720414,7859.22368,8560.232755,1526.685219
guanosine ribonucleotides de novo biosynthesis,6647.727639,8885.936782,3747.020133,13003.51003,5581.554928,499.842733,267.7980408,470.3780247,1705.359159,982.0781047,6237.23902,26556.65318,3462.916964,6022.709419,12985.31671,2676.453851,1176.547678,6615.068752,7064.935759,1267.238304
guanosine deoxyribonucleotides de novo biosynthesis II,8862.02421,13694.36516,6529.422357,20450.66574,8399.980442,593.8269345,367.7395048,631.8781545,2236.361782,1172.430054,8016.543383,39882.02352,4308.179275,7828.782104,16626.32253,3122.886968,1392.720414,7859.22368,8560.232755,1526.685219
superpathway of guanosine nucleotides de novo biosynthesis I,843.7738434,2779.725718,1313.224383,5629.068677,3088.943295,543.8600789,267.9847307,493.7583733,1736.914668,1071.46835,5168.155211,13038.29274,3300.978255,4680.524112,8051.212081,2895.655614,1212.258854,7255.950705,7873.948887,1346.832338
superpathway of adenosine nucleotides de novo biosynthesis I,7929.913949,10475.23058,4545.654275,15793.35614,6520.173253,625.0420508,336.1279312,597.3869169,2126.899144,1229.079882,7054.278153,30023.19666,3875.592443,6643.352115,14241.00677,3304.585562,1371.85518,8155.356397,8536.949861,1576.107589
inosine-5'-phosphate biosynthesis III,85.06907546,936.4254897,76.5179329,1234.72254,267.4857625,493.2459882,235.1445916,408.5189944,1517.046481,967.4832464,3930.521258,4310.98757,2567.160547,2419.979743,3282.920251,2597.436605,1025.367145,6250.166426,6058.182003,1218.324673
"myo-, chiro- and scillo-inositol degradation",3616.33,5643.47,1409.43,3847.64,1766.04,930.5,376,689,2319,1822,1620.52,8555.5,620.86,976.41,2696.31,4548.25,1014.05,9284.25,2267.17,2224
D-fructuronate degradation,3383.056853,3710.057091,3038.79341,12478.90113,4655.227213,23.43203918,107.9577151,157.5750294,906.5143821,41.10243917,7787.704748,20674.90876,5285.274256,5911.462754,12510.73262,474.3600854,1452.128201,5198.509192,11846.90175,254.7497174
TCA cycle VII (acetate-producers),105.3493508,328.0095927,29.62815077,1110.866263,194.4254774,774.7797713,371.6748083,674.8430885,2419.779962,1527.622811,4213.015451,1423.598542,3023.909938,2162.160614,1471.870749,4106.465557,1393.573058,9452.00884,4554.260891,1904.121449
ergothioneine biosynthesis I (bacteria),0,0,0,0,0,0,0,0,0,0,0,0,0,0,0,0,0,0,0,0
D-cycloserine biosynthesis,0,0,0,0,0,0,0,0,0,0,0,0,0,0,0,0,0,0,0,0
L-arabinose degradation IV,0,0,0,0,0,0,0,0,1.989520418,0,0,0,0,0,0,12.61070437,4.793563599,15.10190181,0.657128382,8.446308779
dTDP-N-acetylthomosamine biosynthesis,3774.523259,1315.894263,1438.382353,3100.3398,1588.273196,3.983838367,40.56117294,59.6692677,268.228936,7.967027086,3565.623354,6855.036949,2504.048739,2645.730906,4073.1901,164.7534926,652.3301107,2249.689053,5984.994594,89.99543275
superpathway of GDP-mannose-derived O-antigen building blocks biosynthesis,959.1977409,2232.965668,538.7894477,6937.362117,2678.881483,580.8591531,273.5809715,487.5455228,1766.346787,1135.290924,2990.540004,12127.34198,1164.833366,3978.201294,6722.181225,2981.034732,807.8875095,8033.720541,8775.723822,1424.470014
superpathway of UDP-glucose-derived O-antigen building blocks biosynthesis,58.77833004,652.2577765,48.39375127,1838.418183,1205.507513,606.3396732,263.1437899,464.903064,1724.062788,1184.27433,3429.463851,3378.115786,1988.927395,2070.976693,2652.86465,3104.71308,1022.031152,7587.594103,7518.454253,1440.19598
superpathway of UDP-N-acetylglucosamine-derived O-antigen building blocks biosynthesis,2168.555067,1104.120638,182.7239302,3338.180228,444.002494,0,0,20.25807635,62.17119516,0,1329.599049,903.3704705,133.8502781,509.9965641,703.2524706,13.94113297,13.85003322,0,20.9456052,1.189095021
sucrose biosynthesis III,8.718324513,14.79474698,0,0,2.98583016,0,0,0,0,0,0,0,0,0,0,11.98374476,0,0.749976996,0,0
"1,4-dihydroxy-6-naphthoate biosynthesis II",10,274,23,1088,102,0,2,0,6,0,289.3291607,2203.164147,75,341.2,905.7,0,2,3,9.5,5
superpathway of demethylmenaquinol-6 biosynthesis II,9.411764706,43.98073836,0,17.77939174,38.65263158,0,0,0,0,0,9.747329407,0,0,24.59439978,0,0,2,0,5.588235294,0
"1,4-dihydroxy-6-naphthoate biosynthesis I",3.846153846,268.8592871,22.1559633,1084.583987,96.1341853,0,2,0,5,0,284.2680964,2194.447058,75,336.8379234,898.331154,0,0,3,8.3125,5
"cob(II)yrinate a,c-diamide biosynthesis II (late cobalt incorporation)",0,0,0,0,13.95036329,476.0751791,215.3714005,379.7185835,1390.767478,936.3682702,4.578820425,5.730197372,0,1.146358088,18.75007435,2421.842791,685.7728127,5835.215687,2968.066566,1167.29642
"cob(II)yrinate a,c-diamide biosynthesis I (early cobalt insertion)",174.7841725,309.5568356,18.441583,563.9585329,364.959841,0,46.50475586,55.27089394,379.8201849,0,2792.458069,2085.071636,2001.621224,1757.335912,1282.321684,216.4532059,648.016818,3506.752723,6166.053255,125.1184341
"1,3-propanediol biosynthesis (engineered)",0,0,0,0,0,0,0,0,0,0,0,0,0,0,0,0,0,0,0,0
isoprene biosynthesis II (engineered),0,0,0,0,0,0,0,0,0,0,0,0,0,0,0,0,0,0,0,0
taxadiene biosynthesis (engineered),1167.578343,1945.920781,396.0213188,3736.434492,492.2708867,5.939615181,50.24689929,59.34002486,453.9228465,51.60664597,4269.336755,4315.458271,2262.405515,3161.327681,2520.955224,455.505954,841.0004915,3792.475324,4241.304875,219.3381619
L-arginine biosynthesis IV (archaebacteria),4990.372517,3121.427461,2273.735613,9457.623173,3197.931384,640.4627552,318.1684381,541.9066253,2080.003985,1263.746301,4674.177262,15910.80143,2840.744398,4601.338647,9032.850381,3350.438332,1184.855487,8191.85152,7726.854052,1572.708835
aromatic biogenic amine degradation (bacteria),121.6888057,53.26397234,120.0420579,5.996377719,67.23140666,578.2160816,228.9724699,419.268644,1468.093706,1132.334802,37.95436283,195.8846539,10.27226209,82.13277895,43.85168075,2824.862314,557.0467371,5738.252712,1787.979371,1345.375576
sulfoglycolysis,3.456480301,6.226051327,2.512561025,0,10.40254902,0,9,10,86.37813212,0,246.4307639,17.90177886,190.9392823,396.3834264,37.71208042,34.97495081,144.5514157,1293.05779,4804.078089,23.0381195
mannan degradation,123.7654593,1117.253104,294.4743055,3468.369974,1964.800414,0,7.089781552,4.85801404,32.04521083,0,1869.989595,6395.299482,719.9090547,2232.988137,5120.050007,7.702809685,16.42323102,0,41.32337086,33.70306963
L-methionine salvage cycle III,0,0,0,0,0,0,0,0,0,0,61.19412538,40.8523399,0,51.32439322,26.70932491,0,0,9.499728689,0,0
6-hydroxymethyl-dihydropterin diphosphate biosynthesis III (Chlamydia),3275.079304,2388.518051,1015.493913,6259.909491,2811.233611,693.9018952,308.0470889,577.391479,1997.315325,1360.519517,4672.371197,12082.97709,2716.583515,4108.020961,7357.533553,3592.022269,1197.220124,8439.63749,7011.697056,1665.584326
methylerythritol phosphate pathway II,6495.292543,8398.588108,3441.886405,12072.59634,5182.040944,494.6414537,256.32165,488.1765858,1617.779287,975.1383527,5652.524393,23426.66774,3027.251075,5337.524444,11632.08054,2610.153309,1023.617022,6277.665861,6470.219514,1238.783896
methanol oxidation to carbon dioxide,0,0,0,0,0,0,0,0,0,0,0,15.71163012,11.99341294,0,0,0,0,0,0,0
heparin degradation,0,0,0,0,0,0,0,0,0,0,0,0,0,0,0,0,0,0,0,0
gondoate biosynthesis (anaerobic),7116.418579,9048.802584,3670.583433,14623.98917,6374.414408,1347.175636,604.6292605,1093.682565,3895.534334,2653.030586,7993.462937,28082.82489,4424.037465,7639.770939,15395.92179,6961.132792,2309.370007,16216.99856,13000.13766,3229.776754
oleate biosynthesis IV (anaerobic),260.1582329,1005.850796,748.1899377,2113.221309,2765.415409,941.0628132,456.4716266,839.9093753,2985.085796,1861.735048,5749.415205,6092.5605,4014.71586,4471.543092,8240.589523,4968.176151,1810.650343,12682.27037,11388.09166,2351.168085
superpathway of purine nucleotides de novo biosynthesis I,1401.479704,4026.813349,1852.081428,7630.040026,3882.811326,552.7478488,276.0797833,496.2118445,1781.880806,1087.360869,5560.82391,16620.35103,3291.23636,5134.670558,9576.947311,2935.599053,1197.193324,7155.238895,7292.580967,1378.710335
mevalonate pathway I,0,0,4.623433253,0,0,0,0,0,1.170316575,0,58.47255808,0,0,23.89912444,69.9197768,11.43138649,100.7674346,1.749558511,0,13.34941874
superpathway of L-alanine biosynthesis,4281.244849,2165.328874,918.87213,1253.843542,1211.090159,536.4329607,266.5172283,456.5113638,1724.372751,1051.82912,5876.461144,5038.819358,3782.455196,3824.486241,3657.42006,2866.150972,1344.203026,7613.722243,9110.87899,1336.114869
ADP-L-glycero-&beta;-D-manno-heptose biosynthesis,55.47212677,290.4249482,13.34820696,1271.232474,266.5744531,470.3504189,203.6197234,363.0629633,1299.544636,919.5240422,2649.347282,1421.723484,2048.375069,1351.460733,1298.342326,2378.820622,896.689494,5974.449217,5936.818163,1118.545167
anhydromuropeptides recycling,2951.418126,5270.984393,3192.856985,8178.65999,2788.94404,64.82914764,194.3078151,333.0964078,1324.240635,13.60940646,6710.784081,15619.8279,4434.366062,4764.885633,6690.983003,971.6850149,1440.919359,5411.044021,9243.596368,506.1468702
3-phenylpropanoate and 3-(3-hydroxyphenyl)propanoate degradation,0,0,0,0,0,0,7.180318491,0,0,8.703472077,0,0,9.196238029,0,0,64.73095888,5.961342963,97.38150122,0,12.41131551
purine ribonucleosides degradation,5684.621839,7347.947877,3825.68181,11682.85855,4152.888778,2.720025363,78.9106627,115.0743151,482.5651858,13.75876965,5003.940476,19734.40876,3078.396707,4078.322542,8348.848939,170.1663696,696.7995782,1575.782922,5190.147372,135.14157
superpathway of purine deoxyribonucleosides degradation,6087.661287,7609.428186,3958.083699,11083.62964,4178.50684,6.286291576,86.42202112,145.1222297,532.488861,13.69070325,5066.14013,20101.40932,3158.856844,4042.657092,8334.164444,196.6324825,709.3776974,1635.212247,5225.690065,141.9916399
superpathway of pyrimidine deoxyribonucleosides degradation,6227.351217,7572.731494,3911.522809,10538.40907,4168.515422,3.786407767,64.28806459,107.4812446,411.571387,10.185392,4699.684867,20252.10762,2870.564714,4063.020969,8403.939219,152.0136267,628.071671,1409.576446,5049.222118,116.3325728
CDP-diacylglycerol biosynthesis II,7801.994503,8525.534865,3676.585049,13860.45647,5301.434706,1166.254493,532.6535057,992.7067435,3392.864043,2291.323339,6328.127967,24571.79762,3695.32491,5894.652996,12513.19245,5996.19818,1824.37756,13400.02234,9271.736306,2797.352153
polymyxin resistance,25.99146287,117.5144601,8.448189067,21.48604003,66.62922122,0,11.71171171,11.11111111,92.33536195,2.222222222,2206.022396,471.76585,1939.465214,949.8949786,527.3122088,70.37774924,457.3390687,1459.421721,5342.922327,29.13036093
superpathway of heme biosynthesis from uroporphyrinogen-III,62.4663425,344.9700924,11.20671041,281.4319969,225.7949331,0,25.37234188,110.888842,219.6397441,17.81979259,2904.95142,1236.580033,2405.135408,1385.393164,1109.851129,156.8858424,757.3563059,2952.609757,6783.122575,75.77018345
tRNA processing,201.936122,405.0921409,36.16910552,786.9773838,186.0168071,89.91557158,104.3054414,127.260368,739.8925914,187.3601562,3169.979684,1924.318567,2326.485633,1812.049135,1368.299583,1214.336413,889.916697,5052.93629,6885.833109,382.2657289
methylphosphonate degradation I,121.0378885,267.0094904,68.43704474,335.7891261,95.20368613,0,0,0,41.6166884,11.06719368,3191.027817,1085.273133,2626.420691,1530.894295,1210.442311,79.71592985,544.5683858,75.25263732,14.31346274,32.08323447
peptidoglycan maturation (meso-diaminopimelate containing),9078.624651,3096.288567,2492.372081,4899.223014,2938.026516,650.9263866,332.1385232,590.7501009,2120.142274,1272.126287,4989.249741,10040.49333,3467.182613,3270.101981,8297.115078,3413.883024,1454.923003,8725.559939,9443.846382,1604.524214
superpathway of pyrimidine ribonucleotides de novo biosynthesis,1203.8035,3612.936984,1698.65856,7144.515667,3637.67776,591.9023492,291.5062378,535.3764961,1881.939515,1164.240703,5595.337933,15615.7284,3364.466284,5150.940956,9399.272424,3117.10353,1248.161801,7550.354742,7643.411668,1465.987896
superpathway of pyrimidine deoxyribonucleotides de novo biosynthesis (E. coli),1143.095264,3101.62935,1393.107519,5935.859301,2717.536347,519.4036617,246.200834,462.5731884,1577.349277,1022.407932,4378.828838,12659.04131,2805.57381,3882.125538,5932.6431,2723.813415,1079.951546,6301.522369,4006.454106,1266.551218
phenylacetate degradation I (aerobic),32.87455362,152.2587091,8.017245643,25.93015579,83.47133081,0,0,0,46.16022954,19.83728187,2971.564456,746.678251,2554.561603,1391.10484,769.8566109,133.2859112,666.6515926,131.7490389,10.65040504,32.93604659
allantoin degradation IV (anaerobic),85.6667093,252.7380444,466.7955935,1688.441873,466.7428485,0,29.87464747,36.74301277,240.1871851,0,384.1233546,3830.834242,352.1987342,494.2367837,1170.898185,59.27471965,49.69574748,1700.250041,5919.536879,31.15493515
2-methylcitrate cycle I,15.4897795,86.34343742,0,21.29189805,22.67513576,479.3371337,204.8734064,357.4294295,1309.974582,931.2610495,190.6104017,249.1041769,152.5951118,62.40685537,268.6321936,2391.462693,516.0814503,6255.099126,6497.4602,1116.069688
aspartate superpathway,2437.065845,2986.407614,1592.19872,2907.800871,2175.385034,124.1023677,227.1462219,392.7997978,1462.445958,366.1596109,4855.41416,7099.224563,3087.79514,3635.283639,5447.278108,1577.792071,1144.679549,5477.929989,7503.206238,751.445623
superpathway of pyridoxal 5'-phosphate biosynthesis and salvage,88.77310422,1115.673276,137.4780065,3076.526215,1672.951885,563.681408,271.2897991,470.2302701,1738.743757,1100.977232,4132.614326,6918.739016,2674.470318,3026.624372,4571.955623,2909.566139,1145.853302,7667.109446,7882.641984,1388.87594
(5Z)-dodec-5-enoate biosynthesis,223.9228491,873.9899445,655.5255993,1839.130197,2487.681184,860.4397129,421.9353799,778.1964527,2765.400833,1703.670189,5420.557595,5352.885257,3908.987634,4126.710247,7496.956534,4559.73825,1708.55327,11789.97673,10991.29373,2160.423589
mycothiol biosynthesis,0,0,0,0,0,0,0,0,0,0,0,21.23076718,9.953650058,0,4.998454883,0,0,0,0,0
nitrate reduction VI (assimilatory),302.0116249,302.8459562,394.3641161,4137.394774,206.3467972,0,11.22049309,0,67.32963341,11.99254658,336.4792349,1851.72218,95.30167534,656.2865252,1002.58392,19.49221576,13.48383401,53.97162914,50.93304027,16.48839748
phosphatidylglycerol biosynthesis I (plastidic),6985.18133,8044.015015,3317.342702,11944.57351,4485.430913,801.7381487,387.0747334,737.8016895,2469.039341,1577.053354,6216.943762,21158.31654,3689.021151,4929.157105,10213.42091,4178.882792,1746.293304,11360.78212,9612.821138,1968.087628
phosphatidylglycerol biosynthesis II (non-plastidic),6985.18133,8044.015015,3317.342702,11944.57351,4485.430913,801.7381487,387.0747334,737.8016895,2469.039341,1577.053354,6216.943762,21158.31654,3689.021151,4929.157105,10213.42091,4178.882792,1746.293304,11360.78212,9612.821138,1968.087628
biphenyl degradation,0,0,0,0,0,0,0,0,0,0,0,0,0,0,0,0,0,0,0,0
mycolate biosynthesis,250.7714148,1030.01077,731.2606511,2178.470869,2833.93283,1146.404144,538.1524885,978.6138989,3508.897145,2265.163715,5897.409023,6252.981828,4182.223721,4539.342773,8426.78198,6022.749312,2040.915258,14734.68837,11412.7106,2812.186424
NAD salvage pathway I,5608.162803,7379.99845,3116.735646,9657.582536,4669.07084,485.3036775,232.4387244,403.3510652,1490.371276,950.1213445,5141.416557,20858.9318,2831.125715,4823.776952,10370.17696,2490.398668,987.5281531,6165.668858,6052.542877,1194.123244
NAD biosynthesis I (from aspartate),4909.279967,3770.608468,1658.612758,8639.516655,3717.072098,480.040847,225.9764405,390.1622032,1424.208624,940.8658565,4833.664262,16723.49139,2758.153929,4557.378427,9330.233489,2476.886602,875.0128009,5804.465072,3349.993499,1175.479838
pyridoxal 5'-phosphate biosynthesis I,60.09983193,815.5353651,99.80404197,2407.159537,1299.244986,583.3903523,258.5301003,460.4083474,1663.115716,1141.777932,3661.606665,5442.313065,2438.722147,2692.364939,3737.190661,3004.457343,1061.962332,7200.231776,6369.462257,1399.549384
TCA cycle VIII (helicobacter),609.1430501,896.6690225,116.6782409,2173.774172,352.626805,799.802647,380.0660627,685.9360759,2488.290178,1577.341399,4817.740366,2573.881156,3260.402578,2512.964835,2484.15895,4244.032406,1376.22846,9704.564316,4061.52499,1960.54845
L-rhamnose degradation I,4073.478007,1987.64212,1764.954576,5446.032289,3032.01893,3.333333333,31.55136939,45.5224208,243.6971159,0,4035.661385,12899.32061,2687.770554,3663.728758,8243.562457,106.7465481,523.7419655,1379.515482,4922.219792,54.1761509
flavin biosynthesis I (bacteria and plants),3611.486391,3383.907943,1782.792385,8540.726942,3174.187343,592.7416334,291.4218663,546.6508096,1867.617816,1169.024108,5010.03967,16146.61186,2857.53174,4759.844273,9231.85513,3106.319102,1128.463539,7451.820931,6954.198378,1458.468899
formaldehyde oxidation I,2514.155528,2986.397564,2059.684932,5832.607164,2738.46915,0,92.32585468,115.8696815,583.332862,2.994523636,1652.102888,12074.43381,584.8475499,1417.028519,4014.15451,207.5537133,325.3301987,4639.902111,8080.901564,205.5281055
adenosine nucleotides degradation II,2806.879958,3520.122923,3471.601217,11084.06984,4467.868584,805.4885679,376.6560905,677.6679129,2377.48764,1563.719241,6360.479866,20450.77002,4282.019198,5531.664113,12330.27092,4216.273925,1740.972085,9739.666137,5877.596471,1956.060283
superpathway of L-serine and glycine biosynthesis I,6626.580648,8273.579632,4157.76171,13381.51205,5432.382372,729.4367216,444.8420238,717.3510945,2838.80448,1453.116352,5927.456039,25598.39075,3206.936553,5498.57495,12840.90004,4049.759685,1383.136174,9131.600947,7370.600493,1859.916421
sulfate reduction I (assimilatory),239.085108,690.8244264,310.0250651,3648.02842,1420.102436,1031.986113,431.1194931,770.8869647,2731.291238,2024.670161,4216.54563,7033.471603,3068.734002,2868.616928,4661.69548,5199.54242,1602.038689,12153.26352,9009.01746,2452.528577
sucrose biosynthesis I (from photosynthesis),26.52580816,47.2515269,0,0,9.806603767,0,0,0,0,0,0,0,0,0,0,39.58974373,0,2.49939302,0,0
superpathway of sulfate assimilation and cysteine biosynthesis,511.2242073,1371.956027,609.6609072,6078.708923,2391.286167,777.3753239,384.0346221,664.980324,2450.20999,1528.360053,5282.84416,11657.68925,3351.928409,4065.281577,7203.318856,4085.977116,1428.188048,9600.141321,8199.623858,1921.325646
TCA cycle I (prokaryotic),240.5798291,2178.348428,378.2589764,4513.801729,3077.722539,883.5240324,403.5885779,746.4516684,2634.651134,1742.031483,5772.240427,13450.3925,3621.919117,4980.820006,8296.06863,4624.995147,1545.271095,10728.08534,8741.596401,2140.330758
superpathway of glyoxylate bypass and TCA,80.11556621,315.0095074,14.92855124,155.5534102,173.7563008,697.5096811,305.3218475,551.290824,1999.795196,1367.050559,3866.899941,1488.229563,2866.653758,2077.682655,1511.480943,3631.769205,1242.731016,8607.175056,7389.81594,1654.247309
teichoic acid (poly-glycerol) biosynthesis,1702.540011,2983.205678,1666.9911,2157.266189,2295.038164,1.512903875,24.84501425,27.71985233,71.09314022,0,1241.53845,7597.000005,376.8684562,1548.630175,3270.277632,45.4754494,49.48232211,23.89287845,100.9938463,64.60923084
superpathway of thiamin diphosphate biosynthesis I,2584.879813,2299.407235,443.6131448,6254.826529,2659.95607,28.4217713,180.2902245,284.6450675,1186.388652,70.05451693,4787.106313,12867.51249,2823.708977,4381.898092,7806.92072,873.4867979,906.4068432,5103.803867,6079.115652,679.5587624
superpathway of L-threonine metabolism,81.81415918,142.008273,12.36580623,0,196.6134273,0,26.73792443,31.94505924,227.9222444,0,3374.515583,952.2634492,2516.162679,1913.749591,845.3823317,112.9609687,601.751975,2232.353077,6481.777243,63.17841267
superpathway of L-threonine biosynthesis,6964.201215,8733.308659,3588.559137,12924.33413,5624.27965,741.3326922,383.5802443,680.0114581,2444.811602,1455.136659,6524.527426,25007.18039,3648.96178,6032.257929,12551.95593,3957.751673,1587.447827,10401.39594,8601.344629,1890.820572
tRNA charging,6463.255366,8218.013675,3512.917683,12498.86818,5099.135839,519.4712303,269.377723,501.128422,1724.647197,1022.72254,5925.881576,23834.4496,3275.606089,5480.269791,11823.10514,2752.020332,1145.718984,6766.181937,7346.8643,1300.05482
L-tryptophan biosynthesis,5260.351232,3018.316619,1906.653918,7011.651856,3702.913271,578.7062405,279.7324744,481.8216915,1870.886212,1135.764596,5273.922975,14906.88496,3264.51527,4783.940313,9405.956736,3041.474623,1165.569369,7898.718747,8064.357124,1410.549689
L-tyrosine degradation I,4.62296689,18.20135206,0,48.24367711,5.351216019,692.8753887,279.5338468,504.5086275,1778.114048,1346.060164,54.41681575,107.7311523,3.042380959,47.68512273,96.52001426,3478.192053,672.4774355,7014.238889,1767.280427,1587.624766
superpathway of ubiquinol-8 biosynthesis (prokaryotic),93.73188455,404.7964403,139.7835348,344.02294,241.356405,539.6194005,234.6907363,428.4998476,1554.204489,1059.32278,3115.964128,2932.802232,2416.684632,1618.703426,2018.602955,2808.891662,1026.159836,6969.652257,7100.598866,1266.128372
UDP-N-acetyl-D-glucosamine biosynthesis I,2969.278644,6255.166606,2216.567768,7380.66491,2609.430131,498.5701006,243.4797961,470.8764743,1587.926006,981.9605554,3877.768637,12444.20031,2528.615449,3123.836321,4090.942672,2635.989397,1057.164255,6521.231426,6954.154752,1236.79535
L-valine degradation I,0,20.71937691,0,0,0,0,0,0,0,0,0,0,0,0,0,0,0,0,2.998230812,0
L-valine biosynthesis,7693.900428,9429.777791,4553.474008,15840.49603,6320.545724,763.7942801,386.47874,674.2072077,2494.98704,1505.442979,7701.67326,30102.82966,4470.82812,7213.720145,15422.11296,4050.630583,1591.526495,9709.352496,9268.513462,1913.239204