description,26AFI,26BFI,26CFI,26DFI,26EFI,26FP12I,26FP16I,26FP3I,26FP7I,26FP8I,41AFI,41DFI,41FFI,41FI,41JFI,41FP16I,41FP17I,41FP18I,41FP19I,41FP20I
N10-formyl-tetrahydrofolate biosynthesis,13291.64531,5205.181512,21595.53378,7053.727724,11693.55017,9669.024951,11.99427845,13.76140861,328.9986339,1204.744635,13350.87151,13241.58375,13915.74001,8638.704397,15794.96351,3819.039488,151.3730746,192.8640427,164555.4192,16064.42707
4-hydroxyphenylacetate degradation,13674.93374,1485.024523,2173.537608,2978.267428,402.5880456,324.7248494,3.006606468,0,3.328347609,611.3594498,1709.914354,253.1501297,1637.070202,1187.217094,2216.915989,29.91336595,16.54306759,13.14400926,19499.60984,1134.063352
aerobactin biosynthesis,0,0,0,0,0,0,0,0,0,0,0,0,0,0,0,0,0,0,0,0
superpathway of chorismate metabolism,13577.90141,2388.106743,3487.739145,3511.738726,1477.059314,48.58509908,3.683547486,0,3.836367962,17.43491985,3420.253497,1143.513727,3428.522847,2291.919778,4133.491432,67.20850757,5.165182168,0,20857.39559,484.0637195
homolactic fermentation,15715.84022,5344.788815,11976.5838,7012.678217,10895.27921,7179.173753,11.35294199,16.08478415,212.6092575,1070.178428,13554.1326,12338.74343,13560.00965,8205.647623,14834.89849,2632.701282,153.5172673,176.1623991,81365.11279,15736.24682
glycolysis III (from glucose),15712.40663,6702.832113,27121.81642,9347.258091,14849.44343,12324.07435,14.06031938,15.48636958,419.5829596,1389.959396,17547.16047,17274.95764,17855.00595,11021.59763,19946.8658,5180.626273,178.6400675,196.2354404,270445.4063,19628.31411
superpathway of arginine and polyamine biosynthesis,13162.5329,2217.498923,9190.23422,4160.170983,2754.176092,3878.658925,7.804607109,3.390423225,99.339515,334.089852,4352.599756,2005.12254,4755.740643,3422.14986,5652.820742,684.4983141,83.93998244,107.3635594,43686.37005,9308.220824
"superpathway of L-arginine, putrescine, and 4-aminobutanoate degradation",14914.09348,1654.992666,2271.93456,2940.083333,467.3719527,20.40037896,1.3636076,0,0,2.369626248,2021.827391,315.2806843,1964.485503,1383.309402,2562.392841,10.10520013,1.944014571,0,18170.4322,479.230397
"arginine, ornithine and proline interconversion",1010.155194,561.9120767,1987.952096,989.6504302,1724.547558,767.5855554,1.510510959,2.3618352,13.95165809,707.347985,2480.214134,1527.501326,1599.270672,992.0526914,2646.882142,232.5123463,30.20241162,9.649135665,8304.218893,2300.492667
L-arginine biosynthesis I (via L-ornithine),12436.44625,4224.087352,22181.8897,6745.831032,9944.505751,9556.875116,12.48459761,11.9286807,286.8487418,1175.971069,11072.43989,9841.580247,11907.67712,7173.582541,13282.98688,3241.933377,142.2199657,190.0076115,84662.04834,13354.7128
L-arginine biosynthesis II (acetyl cycle),12862.43613,4054.61946,22207.50657,6920.070378,9725.886991,9941.134519,11.54797284,12.98501557,299.9857913,1276.888732,10942.13093,9513.938527,11930.6602,7319.388241,13025.07915,3263.303326,150.1871474,183.0356933,93331.00572,16415.4247
chorismate biosynthesis I,14804.93171,5595.164941,21649.55801,7713.479084,12170.97652,10963.13806,13.77740076,14.90499888,363.9510696,1371.281904,14237.91494,13294.63563,14373.23626,9076.756995,16516.41752,4079.43223,169.2318762,216.5178227,211823.5871,17869.13933
superpathway of L-aspartate and L-asparagine biosynthesis,13485.27208,5523.887577,17294.09276,6277.074533,10358.25608,8524.603062,8.032508268,7.65037594,274.5157306,689.9055836,12793.85891,12542.08958,13183.61579,7751.720563,14633.81287,3594.203353,46.68461251,25.06492554,206504.7444,9299.199804
L-arginine degradation II (AST pathway),11386.2636,933.7038444,665.9853497,1518.319579,221.9474661,156.9611994,1.796534296,0,4.515538239,518.4444758,703.8479537,140.0340629,684.2164819,821.1568876,579.7976561,4.288434079,11.80902676,12.11112906,5073.311311,939.9848467
biotin biosynthesis I,17087.70752,4145.101176,6057.882401,4821.898143,3877.786186,2470.113998,13.24594563,3.006717865,91.72909906,994.6656936,8494.60064,5227.940022,9665.63356,4858.788651,9020.140816,1226.046818,153.8238817,231.0426483,35678.79161,13129.01104
superpathway of branched amino acid biosynthesis,16063.5811,6617.257912,28630.18714,9412.890554,13650.42746,12711.89292,16.44212743,16.52046776,427.3242318,1458.451579,17450.95184,16158.60416,18197.80392,11476.78193,19926.45207,4766.997188,202.1796664,256.1104086,256429.625,21316.68908
Calvin-Benson-Bassham cycle,17551.3236,7214.76257,42555.12164,11595.59661,16520.8715,15099.03917,15.29218144,23.49675335,490.5171049,1405.533247,19033.37357,18628.7418,20732.05504,13061.04287,21932.46726,5828.06691,200.3980589,207.4088663,250948.755,22178.89754
catechol degradation to &beta;-ketoadipate,534.7636235,420.9724722,205.7556641,603.7773057,16.24707654,646.4723322,7.057142857,0,19.490625,463.7355383,153.3861396,6.110192631,111.769188,310.6836687,35.72356386,65.57185852,69.63990826,107.3193238,4497.21764,5852.63426
pyruvate fermentation to butanoate,534.5360478,1930.907014,13469.59781,3208.562285,2850.067562,3482.197063,3.518500833,2.056963069,113.9172674,334.608019,4881.291007,3017.816057,5496.51618,3516.439596,6134.643457,1222.303411,41.93376816,2.262488482,24793.92371,6056.141859
"chlorophyllide a biosynthesis I (aerobic, light-dependent)",5.139548348,0,0,0,0,3.440972069,0,0,0,0,0,0,0,0,0,0,0,0,3.462911576,0
coenzyme A biosynthesis I,12300.12925,5425.650749,19232.04567,7072.601935,10957.06238,9460.209081,11.55,11.57,345.0543874,1046.861748,13624.35853,12428.99955,13551.97335,8434.705688,14798.56522,3535.069256,153.209217,183.1645406,198135.5513,15348.83693
adenosylcobalamin salvage from cobinamide I,718.3250898,4156.563839,16905.51443,5214.51542,7545.53963,7840.615041,9.58989048,4.60554371,234.0687175,904.5234502,9299.140885,8693.689931,10167.72045,5438.423442,11534.01534,2581.865059,113.3053752,143.0844551,113416.205,13271.3334
reductive acetyl coenzyme A pathway,0,3.598559821,34.76498887,0,0,46.26618818,0,0,0,4.382932807,48.29767138,5.398798322,1.599894217,10.39288867,27.17236307,1.199804394,0,0,1.599993466,76.09168374
colanic acid building blocks biosynthesis,1542.322407,3742.855088,10053.08626,3698.598793,5151.533859,2885.69792,10.4526464,4.982939037,84.48985936,772.5765843,6778.348382,5224.560389,8445.348082,3958.884591,8033.672253,1351.187699,57.07832258,87.15739902,24408.08959,7209.841408
superpathway of aromatic amino acid biosynthesis,15980.56846,5894.503278,23034.09663,8117.359768,12694.64182,11561.06656,14.45798928,15.70418521,381.5705896,1466.883457,14964.06321,13887.22501,15140.09795,9522.738595,17305.30327,4270.167782,178.5486852,230.1821435,224464.0287,18807.70894
creatinine degradation I,1.793968641,0,8.996117667,0,2.950428693,0,0,9.680829016,0,0,0,0,0,0,0,0,0,0,5.964468884,0
L-lysine biosynthesis I,15604.2165,4965.240843,26940.47822,8432.971032,11501.51558,11775.35359,13.08982001,13.8292454,384.4367919,1424.360185,13522.98034,11991.63569,13777.98732,9057.179749,15387.24141,4160.904519,178.7216211,219.7906304,177780.3916,19274.47848
nitrate reduction I (denitrification),43.0412312,0,6.841986075,0,0,97.48567991,1.632653061,0,3.333333333,450.8203991,3.775280899,0,4.552560146,0,0,15.07423775,11.74677165,16.72025723,112.0670124,239.273062
superpathway of purine nucleotides de novo biosynthesis II,13942.00441,5446.986585,13896.81467,6574.711731,9091.145265,4726.94536,12.68765427,12.67496715,189.2008417,1028.445594,10933.44424,10737.03667,12696.16194,7176.399487,13225.52702,2749.581693,153.797991,167.2811714,74857.7103,15815.83869
glucose degradation (oxidative),1.499899603,0,0,0,0,89.70309092,0.942687128,0,2.034226987,454.3276858,0,0,0,0,0,6.962255596,1.669032196,0,185.1175218,1054.569759
dTDP-L-rhamnose biosynthesis I,12055.64131,7056.152215,21588.51814,7250.578294,11801.53233,11037.08975,12.86724806,12.80592342,334.5491892,1266.686675,15545.2857,13289.51449,15027.64998,9063.364614,16053.67033,3829.762353,133.2251147,146.7035476,152928.7777,15817.81498
enterobacterial common antigen biosynthesis,12386.33084,1657.498744,2039.841141,2661.124746,490.1814946,4.105030769,1.29960125,0,0,1.488007201,1966.754536,325.6867402,1798.505574,1317.980645,2411.835344,10.27285468,2.065329755,0,18014.31083,162.3191984
enterobactin biosynthesis,12038.70406,1394.344807,2636.680685,2657.56309,1144.34767,794.6609682,3.228414939,3.647955104,7.330690867,14.6723803,2334.083497,807.2473671,2405.072106,1964.705487,2333.316948,24.10847866,6.31059694,72.09571531,17300.97006,3106.663989
fatty acid &beta;-oxidation I,27458.22801,2940.312416,7246.664007,5339.405215,1368.214977,3012.221945,18.88737544,8.304641308,86.11849849,1228.080622,3627.969795,1413.992378,3938.403102,2636.861328,4925.381978,565.9715633,229.7838493,340.577331,46412.98719,20353.43231
fatty acid elongation -- saturated,19808.85549,5878.510549,14782.48239,6249.859292,8476.329149,4297.76969,19.49163794,4.711452729,152.9765608,1628.42152,11827.82093,10245.47073,13025.59982,6286.686848,13816.19933,1772.370751,200.1668284,305.6673482,61023.67066,18323.34334
superpathway of fatty acid biosynthesis initiation (E. coli),16112.34251,3452.694838,7454.145368,4939.621859,2701.315135,3069.06651,11.4530414,4.323803407,83.25165722,1392.812168,7642.019916,3653.620086,8711.982374,4411.216466,8396.501064,1155.548612,164.1361558,248.7817732,42083.55661,14957.06086
mixed acid fermentation,18532.37374,5567.174766,12380.26086,6091.135321,8741.798744,3457.7474,11.35424651,9.884873944,159.1461985,891.8077823,12106.31344,10464.43716,12118.65163,6578.374026,13285.06478,2242.617858,138.8326459,188.8085834,48843.26582,13662.19784
superpathway of tetrahydrofolate biosynthesis and salvage,15139.33005,4888.418721,12931.97484,5962.682044,8575.277694,5036.718255,12.605629,11.50214409,171.9806472,1002.587748,10385.67183,9385.687936,11246.42685,5932.035659,12257.10031,2189.740789,143.735822,187.3439636,80795.97241,13703.16763
superpathway of fucose and rhamnose degradation,383.6917384,2517.761988,12126.46554,4449.118122,3896.279842,4423.066717,3.102873412,3.308506713,135.4984293,254.8288855,5324.418683,4140.906642,5847.433384,3387.815744,5877.584375,1368.759551,18.7753482,1.919756221,56755.99357,3649.13477
fucose degradation,546.2560582,2706.301105,13276.57926,5421.487432,3576.406906,5106.160558,2.258248473,3.096774194,140.8286055,206.6913114,4878.465757,3275.399828,5455.012044,3367.175737,5431.853549,1349.726717,22.4912028,1.730769231,62067.80194,4032.881801
superpathway of hexuronide and hexuronate degradation,1034.298486,3779.869208,24243.61917,7203.428903,7500.437357,8350.562299,7.24681295,8.062680046,230.4817492,429.7074152,9885.698713,6346.426422,9930.735233,6015.83377,9710.193554,2195.94089,75.21483849,75.85733256,73240.07243,7494.657675
D-galactarate degradation I,232.8739785,831.2917036,1327.303803,1553.954926,544.6236306,994.2423281,1.428788181,0,35.87663719,260.1974399,910.2372023,335.1440325,831.2194741,736.5121529,1031.553716,217.0983043,28.38144179,0,17745.78917,4202.495185
D-galacturonate degradation I,14465.52274,4745.739784,32153.05492,8444.2107,10226.7606,10903.65599,8.689319264,10.54202506,291.5287316,612.9705759,12005.97353,9530.390876,12735.67558,7281.608074,12480.71481,3036.567114,103.8303291,112.1603794,99613.18048,10813.36434
gallate degradation II,18.0708838,3.428571429,0,0,2.658892128,89.45831509,0,0,7.411764706,5.517241379,0,0,0,5.215469613,0,25.02465963,14.02967499,22.77469478,486.133834,1204.739296
gallate degradation I,18.0708838,3.428571429,0,0,0,89.45831509,0,0,3.189873418,5.517241379,0,0,0,3.157190635,0,25.02465963,14.02967499,22.04081633,358.3433883,944.1551493
"superpathway of N-acetylglucosamine, N-acetylmannosamine and N-acetylneuraminate degradation",917.6335772,4421.850998,29461.10753,7994.878033,9897.269987,8173.634614,1.734459648,6.435026399,256.2416119,549.5121457,12036.23921,10994.43192,11792.86571,8007.627897,12409.29219,3552.121412,40.85111171,0,117389.1247,8453.289475
D-glucarate degradation I,234.4238509,837.8892264,2567.628514,1607.202614,1180.754895,1681.69288,1.434769688,4.542166517,37.64195313,279.3637469,2311.691081,517.7831238,1142.528586,942.3231497,1460.877782,382.5259973,29.49086755,0,17745.78917,4345.709868
superpathway of D-glucarate and D-galactarate degradation,232.8739785,831.2917036,1327.303803,1553.954926,544.6236306,994.2423281,1.428788181,0,35.87663719,260.1974399,910.2372023,335.1440325,831.2194741,736.5121529,1031.553716,217.0983043,28.38144179,0,17745.78917,4202.495185
gluconeogenesis I,17550.61171,5949.516761,21459.23433,8022.410573,11979.84735,8539.374518,13.64383164,18.84538177,295.9350379,1121.721703,15184.83289,14299.57468,15482.68594,9396.885368,16992.07004,3698.972266,159.0745417,186.8664913,129531.7096,16847.21194
glucose and glucose-1-phosphate degradation,12123.65358,1861.795646,2278.192201,3446.91436,905.254953,1628.464368,6.826378897,1.925512104,22.03568677,735.124443,2080.062686,290.5573389,1954.578746,1384.270807,2689.381817,126.6305332,100.3894616,142.7248182,27141.01231,9827.651547
superpathway of &beta;-D-glucuronide and D-glucuronate degradation,13961.89378,4863.274971,22844.38524,8210.013486,7782.90223,8439.907207,7.646024857,11.35534004,266.2486088,475.3340323,10655.99723,6541.630987,10203.89588,6624.456841,10363.83172,2176.952198,90.77482014,98.60788376,82812.01357,8359.604088
L-ornithine biosynthesis,12264.29902,4255.889069,17728.75243,5952.068597,8471.267257,8680.375752,13.21267225,12.26453435,270.119219,1487.90218,9974.744527,8434.435168,10941.32277,6602.16455,11515.09818,2830.218343,146.4572749,197.4665216,83791.14345,15581.06325
glycogen degradation I (bacterial),15889.06663,6330.055189,34906.22466,9942.761144,14305.19887,13741.59879,9.60338639,9.854582347,447.1351731,1368.668496,17471.48456,15902.96388,17280.40301,10710.91979,20003.25541,5397.512092,104.3107305,94.75298124,241117.1792,14551.78193
glycogen biosynthesis I (from ADP-D-Glucose),12020.69849,5260.075186,28273.57899,8242.632203,13539.6452,11803.29433,6.781820867,13.62233005,433.0237233,1226.495105,16086.977,15324.5622,15355.98173,10047.96982,19056.05343,5023.920914,95.61617154,83.38965235,249680.6926,13285.36148
superpathway of glycol metabolism and degradation,74.57592769,504.4588414,636.4403133,698.3967602,424.8872193,111.7955877,2.534622824,0,9.087147013,373.8193383,1240.160159,416.0218285,834.3100503,531.2548038,1566.304397,125.5670963,6.086597025,1.773474612,2024.177062,401.9000358
glycolysis I (from glucose 6-phosphate),16761.64134,6161.112631,13794.15246,7621.104129,11795.07714,8054.71554,13.51141164,16.95161402,243.166118,1226.140368,14682.0948,13476.04933,14821.972,8746.9255,16236.14746,3011.891162,166.3419911,174.5206444,103795.2673,17638.23289
superpathway of glycolysis and Entner-Doudoroff,15633.48495,4331.22492,11608.81345,6701.547333,5001.326889,5552.034324,11.73719648,15.25896105,193.6745164,1080.139933,9583.502591,5376.328764,12273.04437,7237.082677,9560.300036,1577.708678,153.6461231,172.7694786,69221.39897,15273.92856
"superpathway of glycolysis, pyruvate dehydrogenase, TCA, and glyoxylate bypass",15566.34365,3392.716357,5804.385323,4899.829005,1282.582762,3082.168374,11.65275155,13.58782055,84.14043682,819.8823989,4605.888788,1040.924122,4708.620742,3183.829656,5481.453576,406.0033989,152.5876769,193.6663975,40807.56542,14544.34081
glyoxylate cycle,12133.82006,1869.363594,4485.219864,2730.116089,518.0588411,1426.646941,11.64839722,10.25512332,45.78293223,552.9594062,2147.130057,446.2831843,2280.381493,1379.613715,2891.556965,196.7538998,126.6696789,199.839238,19383.32659,10065.97543
"superpathway of glycerol degradation to 1,3-propanediol",566.9099636,239.1307095,4947.620083,1569.909213,970.6003992,1823.254187,0,1.76317541,40.06365985,79.15054033,985.4763366,1215.729536,1365.073901,923.3044671,1304.022687,482.0257655,8.326917382,0,19803.14485,1161.651133
3-phenylpropanoate and 3-(3-hydroxyphenyl)propanoate degradation to 2-oxopent-4-enoate,59.83791937,0.37,0,2.4,1.421052632,27.98640496,1.141463415,0,0,0,0,0,0,0,6.109090909,0,0,0,22.91358875,220.7535017
heme biosynthesis I (aerobic),12111.57415,1441.52982,3837.904502,2437.234671,531.9633898,1327.901671,7.380805569,8.084203692,31.76670424,557.1764544,1495.787458,532.5817679,1494.78407,982.9740918,2109.87725,133.8861685,107.8701831,165.6160343,19200.82859,9248.115657
heme biosynthesis II (anaerobic),14009.32269,2007.489998,5554.309837,3439.599733,738.3919914,2092.337368,10.55496801,11.08295755,56.23296147,740.1836362,2384.214772,738.6322905,2235.31085,1592.217154,3053.729998,246.069538,143.5961093,207.2121199,28443.07294,11991.08952
superpathway of hexitol degradation (bacteria),14888.27235,2105.572093,2628.504612,3395.573965,3032.601897,1013.042683,3.348653069,0,55.30960391,168.4013396,2966.310746,3297.174798,3166.592494,2780.853601,4033.897325,1038.890938,25.0649257,0,37292.74264,2491.759428
L-histidine degradation I,11977.51892,3704.204031,5413.457118,3560.341297,4760.745508,2236.601425,8.72972973,11.76916231,86.67593434,739.4483735,6987.461007,6741.830872,7358.382771,4656.780377,8643.110637,1095.829082,98.47014925,157.4021975,24834.05891,9122.809346
L-histidine biosynthesis,12327.4483,5203.417699,18801.03756,6394.069786,10912.22036,8953.109001,12.3567922,11.99235364,307.7105406,1020.860858,13210.50688,12692.50699,13396.02598,7795.472355,14991.59237,3753.234967,151.8375399,196.4963639,217975.6812,15340.93461
L-methionine biosynthesis I,13914.5711,4195.855057,9730.59696,5835.911941,6095.144943,4925.724303,6.610214376,11.80336148,208.6663199,592.1461831,8755.883506,7263.560974,9215.620802,6814.334137,9544.365491,2398.748036,48.36860795,91.69043881,66698.69223,9039.640397
L-methionine biosynthesis III,1696.242416,4958.170936,10965.69089,7059.12641,6999.135612,5623.217966,15.25102874,13.14818449,249.8777769,926.9304383,10280.03977,8196.897748,10951.19619,8451.513435,10981.65638,2737.89861,183.5910679,261.6398613,68787.68902,17915.71603
L-isoleucine biosynthesis I (from threonine),16092.24058,7000.090591,30272.16266,10098.58114,14514.95809,13754.00691,17.60982143,18.0436528,463.9396993,1537.767556,18629.29924,16916.38657,19453.4055,12251.59222,21113.30498,5059.732987,210.0201922,271.6530995,274182.7299,22305.04387
superpathway of (Kdo)2-lipid A biosynthesis,12855.49385,2599.151087,3353.74408,2904.983642,1287.622961,73.20309896,4.074684299,0,0,4.767194211,3770.288464,916.3387739,3877.892931,2167.777344,4528.228753,31.83966492,7.459572761,0,15369.6054,536.9629038
ketogluconate metabolism,16895.24271,858.5945573,1293.672834,1615.338853,391.0127354,134.7662714,3.687804878,1.871547848,0,5.961819917,968.043882,226.0941145,1081.919263,561.8487471,978.3067916,36.06221316,7.596214511,14.94797403,12347.06946,1340.4069
lactose and galactose degradation I,245.6242751,30.74482228,0,0,89.75290553,0,0,0,0,0,0,0,0,0,0,0,6.188429752,0,13.35595653,1014.26215
L-leucine degradation I,755.0337223,139.5426878,2167.392102,35.00683641,44.71352465,1658.750397,10.70506417,3.824525506,49.56143715,626.2193622,65.60276923,134.4310629,272.9439765,40.02776893,417.5735709,198.3880228,147.9959835,228.1071118,6545.054528,11963.7656
phospholipases,0,0,0,0,0,0,0,0,0,0,0,0,0,0,0,0,0,0,0,0
superpathway of lipopolysaccharide biosynthesis,441.1490057,0,31.68781832,33.23969993,172.1456009,0,0,0,0,0,0,0,0,0,44.23318702,0,0,0,0,0
superpathway of S-adenosyl-L-methionine biosynthesis,15020.06294,4911.520116,12037.30409,6746.856067,7626.572489,6104.996969,9.139088348,12.85418404,245.0988544,832.1667791,10477.4168,8965.880436,11001.20146,7682.379464,11657.83395,2879.787836,78.94002072,132.4441781,90977.83534,11978.11274
methanogenesis from acetate,275.4092238,400.9632908,3581.327404,608.4108053,1965.384188,738.8671341,0,0,43.30609084,33.4741308,1172.322147,1573.367025,1425.072163,736.879377,1070.997247,1313.243163,0,0,3672.942303,494.9529373
superpathway of methylglyoxal degradation,98.37519888,495.0195227,567.7964756,702.5005091,311.3722167,120.5712007,1.548013573,0,0,4.974938926,568.3278907,271.7227019,671.9710733,544.5406007,288.7465305,6.894402689,0,9.170600081,2148.894284,471.9937593
methylgallate degradation,22.58080615,4.285471111,0,0,3.323553467,111.7518901,0,0,9.249590839,6.892827646,0,0,0,6.519029307,0,31.2642149,17.13963343,23.75148046,607.5335338,1490.752497
NAD salvage pathway II,13385.58678,1977.933673,9109.259154,4091.308179,1695.340254,2574.829694,6.726797797,1.827139153,60.51698098,133.7790046,3399.662437,2065.634715,3208.005526,2127.107753,3950.2946,767.8171813,65.02815065,86.36007692,47573.27162,8190.152197
NAD biosynthesis II (from tryptophan),625.8647794,0,13.76045371,0,0,828.3751757,0,2.218381295,0,27.06830106,3.421349732,0,22.60072883,0,15.79635149,76.5413945,55.98948343,97.97878754,2956.160542,3996.7092
lipid IVA biosynthesis,11981.813,3456.321074,4552.848819,3128.154043,4210.121292,1059.232087,9.776923077,2.142857143,44.32114193,574.8860546,6093.196602,5049.79917,6918.233522,3056.461173,6921.757814,630.1264769,89.939445,142.5544069,15035.36216,8166.397886
methylerythritol phosphate pathway I,12340.57424,5244.923849,18891.405,6671.194948,11756.71715,9552.093955,11.79029262,11.95766481,336.0886592,1069.881523,13828.87236,13559.4855,14331.24214,8725.069979,16059.0547,3884.516624,143.525795,182.8785275,217269.8435,15415.21614
pentose phosphate pathway (non-oxidative branch),27302.36335,9412.582852,55969.5017,15710.21366,23048.18088,20264.77863,15.77076172,24.00633064,693.6924816,1813.935376,26860.02619,27532.32176,26812.67209,18333.84686,30435.21955,8404.037829,219.4752822,193.6014147,547419.4941,27514.89779
O-antigen building blocks biosynthesis (E. coli),12112.94041,3387.952966,12686.57825,4797.875196,6361.33283,6426.010016,10.69440073,10.39406763,231.9107107,905.3443439,8612.438492,8714.090368,9302.038177,5876.580918,10685.65437,2838.142572,138.6551116,168.936967,152809.3211,14142.60843
superpathway of L-arginine and L-ornithine degradation,14914.09348,1654.992666,2271.93456,2940.083333,467.3719527,20.40037896,1.3636076,0,0,2.369626248,2021.827391,315.2806843,1964.485503,1383.309402,2562.392841,10.10520013,1.944014571,0,18170.4322,479.230397
superpathway of ornithine degradation,27736.05939,1397.199198,2560.211721,2563.048574,509.8821257,73.95528836,1.473267327,0,0,612.4192876,1705.557196,384.9007618,1745.366602,1173.245709,2301.931148,13.27739355,0,0,16367.16853,713.4356069
ectoine biosynthesis,136.7622943,7.48625159,0,0,0,14.73527672,0,0,5.798129053,4.987444575,7.488544761,4.963859071,4.994483885,4.992247434,0,6.246755863,8.134839324,21.20384002,52.44623529,2.497836885
TCA cycle IV (2-oxoglutarate decarboxylase),16118.20973,4412.32662,7378.311138,5194.116268,2253.548749,2661.062786,16.70576244,7.526314089,95.96989172,519.37159,6653.796757,1867.429025,6753.470066,3820.046254,8133.978715,621.5702821,178.4021698,263.7902717,36492.92817,15579.32116
pyruvate fermentation to propanoate I,663.2708446,4025.861511,8740.5679,3125.205386,6752.029299,1592.694823,10.6057614,3.274321233,90.87082748,255.2021234,8271.036148,8168.405214,9082.989084,3898.758827,9292.03335,1355.598898,76.99599928,120.5662127,7125.600473,5689.929685
heterolactic fermentation,6.997443288,137.5955642,1401.802486,240.1924319,584.2687434,288.9824431,2.036733132,1.829657743,13.56728829,482.2040419,675.1678299,838.161775,1262.409016,797.2788258,933.5053486,286.2969853,6.77037272,3.452482584,274.3051927,2060.254397
Bifidobacterium shunt,7.996129026,157.3261079,1588.090328,274.1605981,672.9722862,330.9757914,3.242210504,2.016134808,15.59164297,859.7022408,776.026659,969.3832751,1450.353716,918.4779718,1075.515192,332.7131057,7.724865155,3.918653103,313.7605542,2354.431446
"superpathway of (R,R)-butanediol biosynthesis",69.81843845,20.91901307,40.23682521,59.60672459,156.4721833,160.6789679,0,7.021782178,4.796663162,521.9893252,37.19627545,39.92673848,19.41954198,10.47387873,20.92186959,9.898562217,14.91289199,20.27302285,289.2188955,197.0253102
acetylene degradation,17624.67591,4603.376664,21631.40139,8189.287574,10034.33572,10213.18572,3.484748428,5.382292382,367.7044254,732.279731,12768.08147,10854.98907,13101.6122,9685.139178,12806.32177,3574.895424,81.43716578,11.84560952,232189.6595,13552.29938
L-glutamate degradation V (via hydroxyglutarate),33.06021604,310.7964509,3013.470956,709.707382,923.4308268,1105.320231,0,2.474197041,41.6896768,121.0951912,998.1916272,1461.517833,1638.585285,1147.712837,1692.217306,478.1689136,12.49129112,0,9409.814428,2343.623506
L-lysine fermentation to acetate and butanoate,0,293.6738247,1511.413292,259.0141318,865.6627387,16.99119049,0,0,7.225051398,8.84006302,1285.92415,1278.395308,1271.637911,696.1539154,1137.937278,269.8857417,6.280787304,0,208.9884822,1598.669991
purine nucleobases degradation I (anaerobic),4876.772206,4124.153442,45894.37567,12140.27365,11872.60549,15248.45199,0,14.01696759,457.414164,1308.084642,14238.41936,14142.75241,16045.72381,11338.72702,14849.41078,5092.145398,157.5898194,0,187682.5456,17140.65596
protocatechuate degradation I (meta-cleavage pathway),21.10779279,4.199833179,0,0,3.105019904,89.7593571,0,0,9.273363531,3.94279188,0,0,0,6.129675811,0,24.93166173,16.72652342,24.93866584,598.3822245,1374.309074
octane oxidation,629.7045002,19.00297676,347.8390598,9.989631908,90.89009829,276.264477,0.986906193,0,4.466241141,728.534067,91.03331003,143.0647443,138.9385124,38.87148728,122.1101981,26.56515881,13.2526347,25.99130795,536.6069266,2406.840305
reductive TCA cycle I,3760.55877,3959.782239,7841.195319,4931.020476,1475.629319,3170.542742,12.10488798,7.449900077,94.30439929,645.9634644,4926.556624,1206.501117,5126.281913,3122.48708,6220.183161,559.988749,135.9414437,6.695681578,38991.97822,14458.44638
coenzyme B biosynthesis,0,0,0,0,0,0,0,0,0,0,0,0,0,0,0,0,0,0,0,0
coenzyme M biosynthesis I,0,3.390709159,28.74812693,0,0,74.30248467,0,0,0,0,31.39144491,5.265654401,1.580468099,8.997563731,19.37592451,10.5099399,0,0,1.592168408,20.62474608
3-phenylpropanoate degradation,11335.51706,25.18323958,477.9995148,42.13033713,234.722391,586.4972127,6.94214876,0,20.32092864,31.1277499,221.0009024,183.0248123,429.5341852,289.1590623,134.6674983,100.9323127,56.61101243,77.78016918,2776.778851,5887.425438
glycolysis V (Pyrococcus),0,109.0796625,134.6921448,280.9815052,451.8455387,102.8833728,0,1.358811648,3.733977235,12.43487969,195.1254023,832.133109,209.1646759,105.7568324,578.3074833,152.7351426,0,0,29587.27147,216.6418531
adenosylcobalamin biosynthesis II (late cobalt incorporation),325.8791667,29.84130762,6.276083268,0,0,470.6492275,0,0,0,96.6206588,34.09611242,0,63.00120382,34.32873506,9.689056887,115.0904116,22.65002053,0,2906.697735,1291.756745
"superpathway of L-lysine, L-threonine and L-methionine biosynthesis I",14940.4213,3691.214208,13463.81216,5731.859496,7542.325606,6324.150643,11.00518498,12.99348035,199.0197858,995.7434773,8911.76644,8344.346109,8579.681002,5935.551737,11201.31076,2538.399961,113.052507,168.4585425,101405.9397,14606.45233
incomplete reductive TCA cycle,3752.356432,6833.378791,11832.34774,6132.897593,9154.317084,3841.330795,13.92160462,6.293723461,141.6682319,1101.551166,13406.58866,11973.10399,14482.69607,6922.022952,13857.86252,1895.775148,113.9398194,31.35962867,36483.30448,12722.21871
superpathway of N-acetylneuraminate degradation,2743.980932,4779.72842,12327.28575,7208.495163,7012.726319,5622.210045,3.927209557,8.256016251,213.3371269,528.8196523,11275.75193,7635.307578,12857.84914,7634.742699,11577.26314,2106.009958,78.08256188,0,80594.23111,12488.40014
"hexitol fermentation to lactate, formate, ethanol and acetate",15243.38797,2827.348677,3679.235963,5128.537153,1480.898198,609.4706948,1.99257732,7.260003091,19.80830426,64.12263087,2453.967264,1647.838424,2577.380666,1597.149095,2835.494958,740.9009221,22.69977427,0,23935.50919,763.7226815
myo-inositol degradation I,11320.09242,610.9095915,1160.321555,1062.638316,1137.65646,750.9759756,0.820045558,7.285071151,10.58699672,514.8724201,819.3632617,1030.655056,1178.916299,1143.221244,637.5789254,429.1390447,10.47226693,9.355126562,7726.974984,560.8905852
nylon-6 oligomer degradation,105.7494495,0,0,0,0,22.29917912,1,0,0,0,4.363636364,0,6.598649662,0,0,9.653941497,0,8.4,11.81687311,468.2142528
phosphopantothenate biosynthesis I,12215.53104,4278.254373,9842.895353,4638.082803,6774.443456,7457.019288,12.76090963,10.43982214,208.9740017,925.2906061,9709.484937,8116.770484,10274.80909,5492.318526,11577.81658,1727.350242,133.7640169,180.081195,63136.05869,13831.07876
pantothenate and coenzyme A biosynthesis I,12233.81644,4495.75718,11300.63661,5076.218915,7669.322723,7714.559502,12.00315826,10.49257994,230.4474819,928.8654617,10518.13616,8807.833495,10880.53432,5792.465203,12203.12075,2062.702254,138.1726412,180.3109159,79127.40949,13860.20986
pentose phosphate pathway,16364.63994,6266.88702,22179.69871,8815.588036,9186.51561,7198.236211,10.97127616,19.01139834,263.4647605,1179.62944,12832.89001,11506.09813,13644.25803,8691.766396,13493.2032,2961.86166,127.1278357,145.1020625,94923.65968,11223.83936
peptidoglycan biosynthesis I (meso-diaminopimelate containing),12975.76466,5231.718341,20003.52018,6890.092278,11873.57558,9867.701622,11.96447953,12.62054593,340.0226066,1074.664027,13696.26018,14011.34504,14093.56115,8824.341884,16024.51699,4092.91161,152.612124,189.7754902,234448.1349,16372.90141
superpathway of phospholipid biosynthesis I (bacteria),16971.78731,5015.13024,21394.05495,7300.697595,11788.98115,11778.57556,16.25587778,13.97869014,370.3266295,1526.981774,13564.06884,12584.83258,13823.96937,8934.506156,15947.46454,4170.920011,199.6879175,262.900581,233775.3009,20414.74834
superpathway of polyamine biosynthesis II,1359.234658,616.7774112,5644.846158,1640.360589,1103.389182,1202.809817,4.532687975,0,53.38549276,196.1612443,2367.355463,968.3527875,2660.668759,1707.310693,3308.299034,244.6888493,64.74603086,98.90165089,22946.24908,5707.693901
superpathway of polyamine biosynthesis I,13990.77198,1505.804586,5835.935527,3032.858301,1607.063034,2500.33318,6.81758192,2.013975852,61.43414217,194.7801177,2716.927766,1118.372935,2990.76761,2278.712906,3611.716505,386.3476495,64.68424083,89.07931229,30099.8197,7154.200442
polyisoprenoid biosynthesis (E. coli),12288.77839,4468.534109,11955.92922,5615.332243,7681.954065,3293.627598,12.21227126,6.619888968,141.3857304,882.5337552,9848.874945,8986.78765,10990.78215,5810.830202,11550.5566,1650.413545,140.438754,185.0835929,68387.20875,13420.79143
ppGpp biosynthesis,13594.56668,2172.485543,2811.287676,3731.098319,555.4730191,1040.948752,6.077305948,2.320797683,17.69693267,19.49425644,2535.96041,364.7588753,2319.625158,1658.487995,3184.417574,91.27232358,61.81590381,126.9138744,27345.44425,6939.149586
protocatechuate degradation II (ortho-cleavage pathway),16480.27455,758.9771518,1426.590382,1593.684104,595.1900947,1282.693757,8.213054187,8.234964395,30.98195153,709.3657103,964.8737057,449.4207574,1251.26798,1343.009128,412.5621022,178.0339106,70.43242763,96.22489569,7846.09197,7451.471564
"superpathway of histidine, purine, and pyrimidine biosynthesis",13990.65779,4382.120078,11789.69524,5811.96183,4850.683622,4112.031037,10.1201788,10.80773958,153.6544775,936.2344035,8362.422387,5767.037021,8045.822013,4919.172495,9957.908456,1290.676789,126.6442537,73.61984064,62947.13432,14444.22553
CMP-3-deoxy-D-manno-octulosonate biosynthesis I,13646.16128,3532.439174,7449.665081,4132.876262,4459.839949,1829.641647,9.728784755,3.2,65.77952387,615.1640914,6468.756507,5677.394757,7912.005438,4008.894119,7617.758929,876.6339993,96.08077195,150.17,27924.77219,8769.428803
benzoyl-CoA degradation I (aerobic),0,0,0,0,0,77.80686517,0,0,7.134852447,0,0,0,0,5.97792568,0,0,0,0,52.16093416,63.78992622
mandelate degradation I,36.99054353,0,0,0,0,18.98840365,1.333333333,0,0,0,0,0,0,0,0,0,0,0,5.302741726,0
superpathway of taurine degradation,0,7.793020041,10.53308746,0,7.69937987,3.929471227,0,0,0,0,5.310867384,0,5.321790719,0,0,7.823457254,0,0,67.99831637,97.77631287
formaldehyde assimilation I (serine pathway),0,0,24.99524303,0,34.92338149,81.46978622,0,0,3.853705676,13.29522536,25.49257156,0,47.43101908,32.09113364,0,24.21597677,0,0,966.9746601,261.032856
photorespiration,493.3427107,0,241.4051705,0,86.67273082,751.5180653,6.654928871,0,28.30368739,46.40553076,47.58927391,0,110.7694702,71.17427566,0,211.895168,54.21979258,53.46094107,1584.133061,4253.684534
formaldehyde assimilation II (RuMP Cycle),433.5819366,2370.479026,21365.41137,6180.043017,6985.1204,6208.476185,0,6.543032828,230.4553229,501.3036533,7517.558599,12900.23305,6980.048474,6838.003295,10057.55748,3858.707378,44.10232529,0,329148.2156,6567.38372
superpathway of C1 compounds oxidation to CO2,0,0,0,0,0,20.43603207,0,0,0,0,0,0,0,0,0,0,0,0,1.621612974,0
L-lysine biosynthesis II,343.0041891,587.1440555,560.0201994,376.5818711,3464.970971,1085.075379,0.952740237,0,54.32035706,151.2466784,2027.471881,3567.032822,2584.923424,2733.690268,3178.301085,1550.015301,15.03807604,0,1607.215079,1741.362505
L-lysine biosynthesis III,16081.41599,6632.371603,27311.2868,9208.449325,13936.03455,11991.30793,15.05016869,14.37458933,411.7953302,1376.444118,16821.92503,15974.63612,17535.31825,10847.51269,19104.02509,4757.100941,186.5959037,236.0193786,252105.8618,19865.85174
superpathway of L-isoleucine biosynthesis I,15720.06498,6420.933342,24901.22286,8507.251844,12959.19038,11324.48855,15.42160607,15.39802985,382.6078659,1374.93632,16057.0893,15479.89936,16835.1923,10366.27789,18597.75777,4536.87781,175.4755506,233.252552,246746.6661,18934.1188
glycine betaine degradation I,64.49253298,0,22.47494509,0,0,2.497804295,0,0,0,0,0,0,7.467757817,0,0,0,2.447970186,0,2.496284354,0
aerobic respiration I (cytochrome c),4446.534636,666.75599,10479.008,174.5329248,202.5708456,4047.887526,32.25977878,21.91381059,153.2947419,1705.213314,360.6513645,598.3234604,1521.931261,172.2916942,1746.914735,855.6763757,349.1543581,560.7319276,23965.14549,26426.22729
&beta;-alanine biosynthesis II,0,0,0,0,0,0,0,0,0,0,0,0,0,0,0,0,0,0,0,0
S-methyl-5-thio-&alpha;-D-ribose 1-phosphate degradation,0,8.859494384,0,0,8.840287515,256.8770778,0,0,0,0,2.993129417,0,0,0,0,12.67999378,0,0,401.316819,0
creatinine degradation II,163.4968385,41.90532491,0,0,64.4537334,0,0,0,0,0,0,0,0,0,0,0,0,0,0,0
urea cycle,1012.668363,931.6306243,1605.26551,408.3568306,1872.812637,2042.590766,7.121440064,2.214604308,47.20395409,164.9419013,4066.040851,4115.062694,4243.464459,2129.568462,2667.745166,779.8045761,92.13289199,104.2584092,8614.562014,9923.313984
biotin biosynthesis II,207.439735,35.84859355,0,0,80.8961721,0,0,0,0,0,0,0,0,0,0,0,0,0,0,0
4-aminobutanoate degradation V,1048.039879,1417.000704,3809.694381,3285.430969,1034.250131,1113.998552,2.282608696,7.437899604,54.44303449,722.8978252,2554.513314,1320.83678,2427.427522,1742.015994,3557.115084,621.6779655,29.67708333,32.96864111,27115.44236,4495.556821
L-histidine degradation II,12010.03419,0,576.7998259,65.74718678,473.6568905,1489.258713,8.466579292,0,44.48271668,614.9545733,509.4785163,346.3273453,924.7260672,716.347677,264.5718664,166.7341864,95.49687055,137.7950173,9177.788805,9094.910322
L-glutamate degradation VIII (to propanoate),0,0,0,0,0,0,0,0,0,0,0,0,0,0,0,0,0,0,0,0
L-lysine biosynthesis VI,16837.72712,6455.388511,30271.08303,8984.639578,13911.10342,12298.21341,14.48039012,14.25385557,410.5391324,1403.775461,16690.75613,15791.98825,17358.29875,10784.37765,18863.35225,4692.731535,180.2079655,224.4805902,250397.8859,19503.99467
pyruvate fermentation to acetate and lactate II,11846.51045,6575.973552,24053.20598,8948.783564,13887.14522,11224.60964,5.475474318,7.859979017,397.8766725,846.389244,15862.55704,16189.50539,17200.5371,10835.02266,18245.14493,4623.434911,82.85211063,16.0715901,245709.6997,10896.91214
L-isoleucine biosynthesis II,17298.09946,7497.49836,33209.9286,10585.50392,15784.19348,14195.54476,18.83521892,19.12324876,484.9962034,1652.644541,20258.45591,18372.40527,20995.36461,13270.56186,22813.07647,5522.87369,225.0143827,288.9109133,287369.0327,24008.77619
L-isoleucine biosynthesis III,15077.52024,6493.910921,26546.3085,8985.40628,13232.51156,12061.70925,15.59454824,15.87347168,414.7801271,1383.539161,17043.60361,15787.57543,17439.84715,11040.39266,19404.2267,4603.658344,194.0400128,243.9967668,252414.1619,20432.05974
L-isoleucine biosynthesis IV,14739.68934,6952.340749,28696.52123,9743.970992,14672.59,12927.98614,10.1565679,12.30524185,448.0096039,1210.887962,18807.05202,16874.50201,19687.88286,12509.00188,20849.95956,4872.333618,130.6744145,189.6967658,251789.4641,14504.45612
superpathway of geranylgeranyl diphosphate biosynthesis II (via MEP),1644.516883,4993.824541,20949.01947,6836.231851,11673.23466,9825.452526,8.550964167,12.36823306,334.9830523,1066.342909,13568.1481,13483.59102,14197.07024,8616.66169,15811.82438,3922.714758,111.7917411,63.27320047,215572.828,13586.18354
L-arginine biosynthesis III (via N-acetyl-L-citrulline),12685.99016,4220.390724,17659.47589,5755.836566,7099.84156,4791.826909,12.97116414,5.682090049,143.2986194,1162.171324,9510.152899,7914.06532,9467.274929,5042.61378,10375.08569,1814.148735,142.4237318,192.2930336,52662.33271,12478.99475
glutaryl-CoA degradation,17.99112977,340.4656474,1753.171253,490.9012939,798.5115541,740.1179754,0,1.788581981,33.97803662,70.38394032,1161.153101,1410.596275,1767.891237,1599.189945,1904.398608,371.6191299,7.912956306,0,6787.481277,2033.245972
toluene degradation IV (aerobic) (via catechol),45.89554891,24.13469376,11.39963771,30.67818217,19.77214506,348.0703237,1.760773232,0,13.91236084,26.76240859,96.55961118,15.57638823,91.41410924,60.11379973,37.82843882,68.07520473,19.75965332,14.63205969,1294.656598,1985.378005
toluene degradation I (aerobic) (via o-cresol),292.9620563,81.0376825,477.4343409,53.39586518,147.0395783,543.0413102,2.421408227,4.042012161,34.61532985,277.3497913,200.5832391,408.8459251,396.2019218,258.6567912,261.341209,216.2633245,20.73248408,10.3960396,2231.17662,3630.312241
toluene degradation III (aerobic) (via p-cresol),14215.80218,631.1781458,717.7339837,1016.863583,300.107241,287.9687356,3.009574149,0,12.18156854,148.672179,553.9516512,210.1243446,744.8303045,826.5669475,231.3028874,31.94415933,17.46005656,31.94570548,5342.320153,1724.765442
toluene degradation II (aerobic) (via 4-methylcatechol),292.9620563,81.0376825,477.4343409,53.39586518,147.0395783,543.0413102,2.421408227,4.042012161,34.61532985,277.3497913,200.5832391,408.8459251,396.2019218,258.6567912,261.341209,216.2633245,20.73248408,10.3960396,2231.17662,3630.312241
superpathway of aerobic toluene degradation,39.39296102,2.147155055,0,13.8502823,27.30427938,248.5644202,0,0,7.266943226,5.367626084,82.75503447,21.43075261,74.45063993,58.51471859,47.99048792,43.08898349,10.62868236,13.61388765,1083.297902,1093.948274
tetrapyrrole biosynthesis I (from glutamate),12292.42888,2454.960714,8296.449575,4186.145301,3980.029541,5845.990434,9.699072006,12.2846377,199.2104695,892.2658066,6135.861847,5868.429407,6319.466896,4117.497192,7768.557641,2143.333694,135.8125911,188.5856839,174221.6466,13544.51727
tetrapyrrole biosynthesis II (from glycine),12280.7709,2112.825353,8115.968848,3659.984463,3713.778146,5798.857224,9.176394883,11.59187537,195.0667973,997.4928933,5850.247876,5244.079054,5929.580797,3858.044159,7217.561632,1993.244799,132.3222258,181.6658942,172556.9981,13332.35018
peptidoglycan biosynthesis II (staphylococci),9.59390261,637.7008776,0,112.6409301,1895.301016,78.6305358,0,0,30.34515768,0,456.4581904,320.3812492,1813.739508,914.1050254,566.70364,284.4457012,0,0,474.824473,164.8795263
p-cymene degradation,0,0,0,0,0,0,0,0,0,0,0,0,0,0,0,0,0,0,0,0
p-cumate degradation,0,0,0,0,0,0,0,0,0,0,0,0,0,0,0,0,0,0,0,0
superpathway of sulfur oxidation (Acidianus ambivalens),21,1352.75,1745.46,497.34,891.32,4202.74,1,2,126.66,216.74,2789.08,1780.06,4338.6,2301.06,3935.2,1169.86,11,20,20894.6,1774.34
superpathway of L-methionine biosynthesis (by sulfhydrylation),4904.505545,4015.36153,10017.74721,5143.741392,4130.75925,3943.252282,13.64879066,10.3388476,120.3385095,1004.956116,6453.48296,3890.369567,6877.521568,4244.523738,7740.240927,805.2502422,153.9106098,200.1200023,39567.56009,14744.07634
superpathway of L-methionine biosynthesis (transsulfuration),15627.26162,5348.729269,14526.81126,7047.422469,8867.633388,7117.448562,9.758131973,13.59445844,273.1690674,819.7492179,11748.14728,10470.70004,12395.89803,8316.603948,13226.3433,3286.151442,79.18635459,130.9503231,114703.6531,12518.91427
sucrose degradation IV (sucrose phosphorylase),15544.3251,2680.666555,6131.988785,4238.925529,2857.278143,4544.925765,7.879418886,1.923488906,182.6937068,669.8287328,6493.136404,4288.864107,5715.086919,4018.520849,6477.101565,1250.978075,95.57400498,132.6528524,71358.25826,9181.393522
reductive TCA cycle II,0,0,0,0,0,0,0,0,0,0,0,0,0,0,0,0,0,0,0,0
catechol degradation I (meta-cleavage pathway),189.6134574,13.92662822,6.462431141,17.35222643,37.63598441,420.1478289,1.384508173,1.882336789,11.68469867,16.16227479,73.6499995,137.2109012,83.90980181,36.11999985,42.04092113,113.3207199,14.01347279,9.067357513,855.6115039,2215.667718
catechol degradation III (ortho-cleavage pathway),788.2117924,515.6338349,278.4822614,754.796377,23.65841462,481.5039557,5.408406647,0,16.56055959,452.4796844,210.1157776,9.012895628,158.2525071,395.859804,51.4048053,62.17182004,54.94987292,90.09696502,5488.543469,4485.895435
catechol degradation to 2-oxopent-4-enoate II,84.91141389,0,0,0,0,85.3171121,1.679618594,0,0,4.892204055,5.747043,0,8.171961271,0,0,19.27041768,9.686593562,13.53169715,59.06327189,544.3397125
catechol degradation II (meta-cleavage pathway),118.3109536,0,0,0,0,137.7509187,1.494069139,0,0,8.462899303,9.91203765,0,14.14819334,0,0,32.16828533,12.05512857,10.26346592,101.9697227,863.4831324
meta cleavage pathway of aromatic compounds,71.26146103,0,0,0,0,135.44335,0,0,0,2.87167983,12.86823811,0,17.12525733,0,0,31.48368778,6.807846698,11.34376162,135.9321068,674.7377013
aromatic compounds degradation via &beta;-ketoadipate,788.2117924,515.6338349,278.4822614,754.796377,23.65841462,481.5039557,5.408406647,0,16.56055959,452.4796844,210.1157776,9.012895628,158.2525071,395.859804,51.4048053,62.17182004,54.94987292,90.09696502,5488.543469,4485.895435
glycolysis II (from fructose 6-phosphate),16635.11658,5500.676486,9374.289441,6288.460885,9761.033053,5950.080673,13.45429805,16.95161402,169.2507222,1069.715517,12427.11267,10928.86684,12473.42918,7073.108944,13570.42525,2110.794158,154.8084714,170.4534246,63524.27403,15920.2859
vitamin B6 degradation,0,0,0,0,0,0,0,0,0,0,0,0,0,0,0,0,0,0,0,0
L-glutamate and L-glutamine biosynthesis,14316.73479,5522.464937,28110.89539,9093.816492,12387.82983,13407.55385,8.525575923,8.442315588,462.7140148,1045.456292,16824.1175,12935.80088,16611.8738,11103.55283,16474.71414,4344.946447,129.2894831,106.8877227,158665.9328,16595.92805
adenosylcobalamin biosynthesis I (early cobalt insertion),417.4967292,122.2303063,1100.109997,0,60.20114071,356.9351589,0,0,0,39.75210743,145.3739827,0,182.7684057,42.37440285,21.70487345,62.05985154,8.040709368,0,20703.55462,858.9771659
"adenosylcobalamin biosynthesis from cobyrinate a,c-diamide I",681.7812294,3991.275531,15504.80682,4834.043178,7298.647873,7534.603796,9.493632881,4.26035503,223.8244591,877.0750764,8917.320843,8395.666417,9655.241226,5097.666236,11173.75105,2476.985072,111.8911052,142.5842069,105490.4273,12861.67945
superpathway of bacteriochlorophyll a biosynthesis,8.822946482,0,0,0,0,4.781501758,0,0,0,0,0,0,0,0,0,0,0,0,4.823574553,0
chlorophyllide a biosynthesis II (anaerobic),11.98200089,0,0,0,0,2.980277869,0,0,0,0,0,0,0,0,0,0,0,0,2.988185676,0
adenosine nucleotides degradation IV,2.973330287,95.62736706,11.95493626,0,0,17.26053073,0,0,2.168674699,0,18.07395558,0,20.17578972,5.855406105,67.92884037,14.41522433,0,0,93.06083196,40.22962182
2-nitrobenzoate degradation I,48.85876304,0,0,0,0,56.27740176,0,0,0,0,0,0,2.661760112,0,0,10.33531768,3.70923913,8.081012658,49.43170301,261.262725
L-tryptophan degradation to 2-amino-3-carboxymuconate semialdehyde,398.9457891,0,8.603006732,0,0,538.6299413,0,1.54637315,0,17.14438617,2.138587354,0,14.13544794,0,9.877058475,48.3018907,42.37260231,79.77037705,1864.142395,2830.492139
2-amino-3-carboxymuconate semialdehyde degradation to 2-oxopentenoate,40.58585759,0,0,0,0,46.63706787,0,0,0,0,0,0,2.304679642,0,0,8.902830574,3.054545455,6.653465347,39.95341308,216.4157285
L-tryptophan degradation IX,97.16082079,0,0,0,0,120.8497555,0,0,0,0,0,0,5.664616306,0,0,20.74826003,7.489507867,11.87743438,115.68957,570.8968435
mannosylglycerate biosynthesis I,0,0,0,0,0,0,0,0,0,0,0,0,0,0,0,0,0,0,0,0
GDP-mannose biosynthesis,12296.8121,5091.855385,17719.48151,5207.374931,9596.068925,4915.807456,15.44766819,12.86495396,162.8999722,1238.605262,11473.30467,9849.258026,12698.92545,5938.246471,12182.07808,2514.853032,166.9253898,228.4038645,34577.08127,13840.96523
CDP-diacylglycerol biosynthesis I,15241.49689,5611.432221,23875.36643,8020.143021,12978.517,12246.81636,18.39084134,14.24704308,399.6413922,1774.182339,15265.59953,14180.81176,15451.89463,9701.045374,17932.19619,4385.005929,229.9505533,300.4262673,241046.8169,24272.80983
acetyl-CoA fermentation to butanoate II,600.6835659,1512.04746,18029.70616,1808.104917,4163.017402,6025.948658,7.579895313,5.934144368,158.2258189,304.2973977,3166.149121,5165.380635,5473.956833,3936.273783,5894.040576,1678.978429,72.53437608,24.18824448,52722.59022,13069.8301
succinate fermentation to butanoate,91.40994982,270.4103165,1445.801778,380.1839314,811.0324718,1371.582082,1.487977744,2.377287066,39.61447122,145.6307407,1041.985359,1373.597591,1034.596207,641.5845481,1213.400016,407.4431247,21.40494181,0,21964.9674,5624.584728
UMP biosynthesis,14755.14892,5953.775515,23803.50463,7940.241743,13448.85789,11208.00653,13.80866329,13.43928107,376.2011963,1260.860452,15433.88254,15026.44887,15961.57679,9780.776629,18053.32643,4450.236091,175.7154621,216.8065512,237915.4641,19055.44353
urate biosynthesis/inosine 5'-phosphate degradation,13844.05141,7006.304273,35844.49087,10562.16923,13332.13065,13529.85005,16.66467412,15.39781161,456.0042154,1346.551196,17011.95914,15945.8205,17719.63297,12028.86526,18186.07228,4862.379307,204.9941274,253.4377776,199403.3847,20493.18438
allantoin degradation to glyoxylate III,11882.16571,257.9984203,10800.43512,1641.482891,1333.257788,2023.599164,1.146020761,7.456428298,39.53485642,282.0701015,1386.946579,1417.229271,1812.989871,1259.45063,1424.671844,583.1047638,19.09529277,11.52922073,21742.14528,2599.841199
ethylmalonyl-CoA pathway,0,0,175.41753,0,0,37.08829341,0,0,7.011531608,5.497687761,0,0,0,0,0,20.49291773,7.107478329,13.12982043,7.291709178,314.7924448
glyoxylate assimilation,0,0,0,0,0,0,0,0,0,0,0,0,0,0,0,0,0,0,0,0
2-methylcitrate cycle II,11842.77129,110.0865539,1481.131781,71.67728974,251.7607283,912.0205218,5.416740088,7.48361841,15.60714286,469.8774285,369.1000579,174.555351,576.4388283,429.9651411,293.1796338,78.91312275,78.20940197,117.1722508,4711.357768,6785.743056
superpathway of CDP-glucose-derived O-antigen building blocks biosynthesis,0,0,0,0,0,0,0,0,0,0,0,7.627740511,32.19762447,0,0,0,0,0,0,0
"1,4-dihydroxy-2-naphthoate biosynthesis I",12164.44881,1758.629254,1667.767487,2596.104816,938.9280783,92.5442419,1.478180332,0,1.124395185,7.246395077,1972.312635,464.3128985,1896.796257,1212.246148,2398.498932,28.7879467,1.609195402,0,12151.90843,141.4880202
superpathway of menaquinol-8 biosynthesis I,11860.03778,2684.966351,2729.177106,3092.518159,2106.594904,159.2019911,3.166344981,0,3.578791507,22.65344571,3880.681089,1327.254521,4007.836966,2253.944319,4519.365397,88.8354775,3.983113754,0,13031.43414,363.5790392
superpathway of menaquinol-7 biosynthesis,11827.55663,2589.666881,2778.903605,3092.130009,2130.168189,160.0660512,2.74561161,0,3.587053407,22.63985086,3901.97423,1334.617183,4007.668564,2282.130487,4552.106604,89.28856475,3.963179583,0,13486.00203,363.3500347
superpathway of menaquinol-9 biosynthesis,11827.55663,2505.091271,2548.06674,3002.618552,1453.14592,22.78944906,2.74561161,0,2.762917512,11.98888065,3473.343044,1049.387724,3485.539847,2059.890847,4085.328938,64.93127847,3.420495118,0,12862.06082,302.706837
superpathway of menaquinol-6 biosynthesis I,11827.55663,2505.091271,2548.06674,3002.618552,1453.14592,22.78944906,2.74561161,0,2.762917512,11.98888065,3473.343044,1049.387724,3485.539847,2059.890847,4085.328938,64.93127847,3.420495118,0,12862.06082,302.706837
ubiquinol-7 biosynthesis (prokaryotic),13491.86964,1784.850277,4767.777769,2939.729093,1071.346745,2072.584511,9.425676661,4.096613546,64.92220061,614.4805595,2703.127833,1695.952071,2806.812359,2184.14278,3858.222161,376.6030185,133.5929537,202.6580273,21242.72544,10954.50766
ubiquinol-9 biosynthesis (prokaryotic),13491.86964,1784.850277,4767.777769,2939.729093,1071.346745,2072.584511,9.425676661,4.096613546,64.92220061,614.4805595,2703.127833,1695.952071,2806.812359,2184.14278,3858.222161,376.6030185,133.5929537,202.6580273,21242.72544,10954.50766
ubiquinol-10 biosynthesis (prokaryotic),13491.86964,1784.850277,4767.777769,2939.729093,1071.346745,2072.584511,9.425676661,4.096613546,64.92220061,614.4805595,2703.127833,1695.952071,2806.812359,2184.14278,3858.222161,376.6030185,133.5929537,202.6580273,21242.72544,10954.50766
superpathway of demethylmenaquinol-6 biosynthesis I,11669.75905,2159.903213,1998.042188,2746.536632,1074.196302,15.25817695,1.97755102,0,1.862803252,8.042962521,2758.458477,736.6911983,2720.851951,1654.751776,3288.048445,44.57792129,2.302158273,0,11602.40181,204.1126949
superpathway of demethylmenaquinol-8 biosynthesis,11717.25201,2364.7966,2167.201535,2860.636379,1637.371597,109.4009403,2.30903193,0,2.420974121,15.2831693,3152.676486,945.0291601,3210.795905,1846.29128,3719.279477,61.66585935,2.685055409,0,11810.1011,245.7234764
superpathway of demethylmenaquinol-9 biosynthesis,11669.75905,2159.903213,1998.042188,2746.536632,1074.196302,15.25817695,1.97755102,0,1.862803252,8.042962521,2758.458477,736.6911983,2720.851951,1654.751776,3288.048445,44.57792129,2.302158273,0,11602.40181,204.1126949
superpathway of phylloquinol biosynthesis,12043.77879,1894.045973,1890.344948,2805.94682,1060.838382,105.6319351,1.599290305,0,1.284404593,8.273541907,2205.362812,528.0662039,2125.827466,1356.988099,2678.385302,32.86771223,1.831320217,0,13772.47557,161.316568
superpathway of menaquinol-10 biosynthesis,11827.55663,2505.091271,2548.06674,3002.618552,1453.14592,22.78944906,2.74561161,0,2.762917512,11.98888065,3473.343044,1049.387724,3485.539847,2059.890847,4085.328938,64.93127847,3.420495118,0,12862.06082,302.706837
superpathway of menaquinol-11 biosynthesis,11866.08899,2610.607312,2619.568684,3072.61102,1969.061055,149.4263886,2.938393199,0,3.167966789,20.07251205,3690.429361,1199.54449,3775.572346,2158.545735,4312.079152,79.15856979,3.61557047,0,12926.74342,328.9443123
superpathway of menaquinol-12 biosynthesis,11866.08899,2610.607312,2619.568684,3072.61102,1969.061055,149.4263886,2.938393199,0,3.167966789,20.07251205,3690.429361,1199.54449,3775.572346,2158.545735,4312.079152,79.15856979,3.61557047,0,12926.74342,328.9443123
superpathway of menaquinol-13 biosynthesis,11866.08899,2610.607312,2619.568684,3072.61102,1969.061055,149.4263886,2.938393199,0,3.167966789,20.07251205,3690.429361,1199.54449,3775.572346,2158.545735,4312.079152,79.15856979,3.61557047,0,12926.74342,328.9443123
superpathway of geranylgeranyldiphosphate biosynthesis I (via mevalonate),0,0,0,0,0,34.56309844,0.474098803,0,0,0,0,0,0,0,0,0,6.864345226,0,4.730335157,835.0103942
TCA cycle VI (obligate autotrophs),14099.9686,5639.47229,8614.86064,4585.662227,3973.435798,2107.659952,14.52106109,11.64056908,105.3034231,673.0439923,7431.017162,2855.675803,8435.718528,5085.581442,8208.938276,1157.405884,154.6110712,232.8316225,28490.72703,12646.00504
superpathay of heme biosynthesis from glutamate,12201.82835,1885.623314,5642.347346,3185.873768,1107.710211,2449.463313,7.94465088,10.17079845,62.6529977,705.8173868,2681.066642,1169.472691,2728.884667,1796.645817,3646.171977,305.3070677,119.6129506,165.5074412,41105.32837,11147.25941
superpathway of heme biosynthesis from glycine,11987.27015,1642.678823,4048.14133,515.5889168,614.1860071,481.3104489,5.859510004,5.053181106,33.73989438,113.5440431,1532.412412,574.1687372,1283.410867,854.6904817,2145.583843,178.5454132,68.44706519,124.6987632,671.1020521,3179.641736
glycogen degradation II (eukaryotic),0,0,0,0,0,13.9890909,0,0,19.33716756,0,0,0,0,0,0,5.994923724,0,19.60589694,0,505.6062893
palmitate biosynthesis II (bacteria and plants),0,0,424.0411256,231.5220463,298.6486109,0,12.38110587,0,0,0,0,0,0,0,118.8312747,39.15063238,165.6555746,0,332.4039157,16003.84196
cis-vaccenate biosynthesis,21710.92348,6581.120708,23511.06926,8462.079989,13424.347,11059.44524,21.72594264,8.822071267,367.7921746,1575.701059,16354.09867,15446.42935,17581.58067,10426.17582,18911.04394,4446.764054,233.3453427,330.5096627,232718.2127,22339.58851
stearate biosynthesis II (bacteria and plants),19343.71284,3855.618614,8765.404789,5492.772988,3176.007105,3501.802485,14.67579474,4.323107897,97.06463403,1564.825626,8906.651492,4292.928774,10387.05686,5100.676565,9727.096995,1335.290574,196.0054961,304.9287044,48475.49718,17450.27183
superpathway of phenylethylamine degradation,13619.87707,1454.851579,1838.876639,2594.51425,301.3845803,129.7901554,0,0,0,2.715357115,1505.250433,208.3721458,1397.571574,1036.259299,1940.997819,20.32410138,0,10.70739914,16419.58279,979.0591623
chlorosalicylate degradation,113.5864333,0,0,0,0,42.56173299,1.411764706,0,0,0,8.909662741,0,8.935560859,0,0,15.57161125,0,8.763157895,107.1703175,1232.991447
5-aminoimidazole ribonucleotide biosynthesis I,13789.07184,5962.475163,26367.27785,7946.226018,13019.78195,10856.04965,13.91797068,14.3495284,372.3266016,1208.678853,15159.41071,15109.9585,15969.04274,9785.73157,17755.37852,4428.651227,173.5420745,239.2270438,219232.2339,18323.26283
5-aminoimidazole ribonucleotide biosynthesis II,12443.76514,5654.706806,26946.7401,7756.100936,13153.52069,11083.44483,13.06346918,14.87602624,376.5527149,1147.324744,14742.55386,15253.3788,15662.47895,9734.259707,17525.79903,4565.212895,163.7633339,224.4988563,219841.505,17541.76877
inosine-5'-phosphate biosynthesis I,12306.52725,5257.153048,18288.19023,6386.018409,11187.27834,9055.742813,12.49676649,11.57,308.9913399,1022.203967,13453.87756,13059.09525,14043.54557,8184.815703,15486.46955,3745.475226,145.8373315,184.0250701,215960.4975,15463.77555
superpathway of guanosine nucleotides de novo biosynthesis II,15261.45557,5435.278572,11358.62815,6369.966746,7772.007907,3521.633517,13.23313205,12.50273739,147.3032384,979.5949914,9487.368202,9313.936812,11538.97016,6405.168825,11696.15156,2254.550526,150.6538325,214.272197,52411.59351,15274.42905
superpathway of adenosine nucleotides de novo biosynthesis II,15334.05601,6324.581935,26088.43669,8544.24721,13904.3208,12254.16913,14.20073831,13.69929446,402.4697741,1294.887788,16174.94551,16066.17914,16796.54263,10419.13713,18766.80654,4808.28626,167.157377,225.2595938,267904.7608,19741.03529
CMP-pseudaminate biosynthesis,0,0,0,0,0,3.607837291,0,0,0,0,0,0,0,0,0,0,0,0,0,0
6-hydroxymethyl-dihydropterin diphosphate biosynthesis I,14152.01683,3789.347892,13322.26941,4248.54332,6159.024639,4791.110821,13.89625213,10.16879172,126.007051,898.0394572,7559.656564,6703.936585,8231.255737,3786.588711,8919.679762,1590.703999,143.7729651,214.1348221,57693.8973,11235.7461
S-adenosyl-L-methionine cycle I,16059.03945,3866.856708,16291.28595,6074.029526,7537.360406,8079.497024,8.209724065,8.084203692,237.225219,663.7463198,9291.125813,7322.174799,9320.703246,6509.581357,10653.29457,2811.895043,102.23245,114.7596302,114082.4134,11273.23461
chorismate biosynthesis from 3-dehydroquinate,13750.83286,5452.087036,20786.51195,7261.304442,11904.75427,10546.20258,13.79969932,14.88507315,346.3419045,1257.423569,13950.49867,12972.81034,14224.28597,8745.192457,16241.82886,3931.430738,163.2306294,210.7675341,194707.4091,17194.47611
chorismate biosynthesis II (archaea),0,0,14.44916536,16.98311488,97.66209362,0,0,0,0,0,0,0,0,0,43.18033699,0,0,0,0,0
superpathway of salicylate degradation,908.1494162,499.5728986,288.27482,731.2341796,27.04533445,500.6690622,5.670844559,0,16.86998303,128.5228518,219.1922632,10.38019578,173.6199926,409.6589846,55.45753834,65.20917717,56.24405376,92.58778313,5350.7249,4665.158435
4-methylcatechol degradation (ortho cleavage),932.8506129,539.9358443,315.3423931,796.9670474,28.88599592,217.5111831,2.911305373,0,11.04775181,99.89869064,237.5693452,11.1177798,184.1946826,437.0855163,61.09411719,22.77977918,13.01619343,26.12126269,5743.604222,1357.638905
sucrose degradation III (sucrose invertase),22904.18371,5189.508391,24111.76379,8175.063999,10761.79424,11278.48048,7.879418886,21.73349593,376.301399,1146.675229,13885.77913,13436.49619,12968.65118,9583.917415,15998.49764,4798.303368,99.2827042,138.1031189,256575.9546,9592.580889
2-aminophenol degradation,25.8497102,0,0,0,0,10.35250617,0,0,0,0,0,0,0,0,0,0,0,0,0,0
superpathway of menaquinol-8 biosynthesis II,5.991170714,224.9382788,1415.659371,616.5288771,2321.938394,320.411742,0,2.280957577,20.10349408,37.9000345,2496.303543,2535.700471,1844.941931,1282.021612,3222.246245,186.2720565,10.92875848,3.391821206,586.5707347,327.303316
adenosylcobalamin salvage from cobinamide II,685.9957399,4000.597984,15570.97941,4855.615481,7335.688807,7562.622129,9.620738442,4.317841079,224.3268529,880.5392392,8946.790954,8438.014218,9698.876267,5121.077485,11215.22842,2495.875396,112.7014746,143.8617487,106555.7683,12967.74521
superpathway of 5-aminoimidazole ribonucleotide biosynthesis,12443.76514,5654.706806,26946.7401,7756.100936,13153.52069,11083.44483,13.06346918,14.87602624,376.5527149,1147.324744,14742.55386,15253.3788,15662.47895,9734.259707,17525.79903,4565.212895,163.7633339,224.4988563,219841.505,17541.76877
palmitoleate biosynthesis I (from (5Z)-dodec-5-enoate),18609.17036,3783.43153,8636.689175,5473.037641,3158.681795,3526.645521,13.86921397,4.094649961,97.6960736,1547.879654,8816.547865,4258.777646,10233.98365,5100.431563,9635.195265,1339.984007,186.065653,289.2163289,48682.90444,16781.9551
galactose degradation I (Leloir pathway),11976.74057,4807.983209,18596.57559,6603.525407,11069.22666,9518.615834,3.045283607,14.44053928,315.0091174,724.4489165,12622.27881,11851.87902,12344.45549,8212.8084,15430.69794,3743.148073,47.22173118,14.37288303,165422.4213,9598.902078
superpathway of vanillin and vanillate degradation,18.53434675,3.999867602,0,0,0,79.83353069,0,0,4.962800636,3.515878159,0,0,0,4.228362542,0,22.45682212,15.5722277,23.58711944,460.0551739,1150.69094
syringate degradation,0,0,0,0,0,156.3220308,0,0,0,0,0,0,0,0,0,44.23330729,0,0,725.0235523,1829.929358
purine nucleotides degradation II (aerobic),5580.132517,6082.098656,15839.17266,8949.792685,7372.926587,6421.278324,8.342295414,13.41098357,207.7191709,1097.378211,12652.41772,9610.491534,12894.35201,8043.555547,13371.09802,2369.483177,141.5885421,50.76028015,82594.71907,16821.75357
"mono-trans, poly-cis decaprenyl phosphate biosynthesis",3.985398884,0,3.996061736,15.96149511,0,0,0,3.995451274,0,0,5.993682255,0,13.97103589,0,0,0,0,1.934435921,0,0
peptidoglycan biosynthesis III (mycobacteria),12915.40566,5133.660794,17237.47072,6415.97297,11590.5644,9296.870161,11.96447953,12.07023448,327.4238224,1054.022873,13290.37516,13739.79797,13704.80798,8544.067308,15723.56256,3981.057042,143.8317927,175.1939065,230670.1818,15626.57081
UDP-N-acetylmuramoyl-pentapeptide biosynthesis II (lysine-containing),12840.28858,5249.872352,17598.29428,6559.942749,11698.93619,9656.605558,12.14903102,12.31201841,339.8988969,1068.41579,13648.85655,13818.33702,14050.83558,8737.615406,15918.59769,3979.283131,146.8063327,176.5657239,228457.4828,15881.13407
UDP-N-acetylmuramoyl-pentapeptide biosynthesis I (meso-diaminopimelate containing),13156.98163,5297.668043,20573.9638,7053.645813,12087.12507,10144.34327,12.07278958,12.82964152,351.2029397,1091.591463,14019.7329,14409.2639,14401.64489,9065.697929,16348.42371,4225.999857,155.3494196,191.7771359,244076.046,16718.4684
"superpathway of 2,3-butanediol biosynthesis",184.4391131,53.81499685,105.8890868,152.1705558,312.8303793,323.6552043,0,1.714285714,9.668554732,140.2602934,95.47525319,97.39763588,50.91020214,27.64041267,54.40907719,21.3922234,15.57866293,17.66696447,745.095495,425.3240156
mycolyl-arabinogalactan-peptidoglycan complex biosynthesis,0,0,0,0,0,0,0,0,0,0,0,0,0,0,0,0,0,1.04015617,0,0
superpathway of mycolyl-arabinogalactan-peptidoglycan complex biosynthesis,0,0,0,0,0,0,0,0,0,0,0,0,0,0,0,0,0,3.657221507,0,0
Kdo transfer to lipid IVA III (Chlamydia),11983.64,3222.17,4410.87,3025.18,3866.52,1042.41,9.3,2,41.75,562.35,5631.72,4566.78,6447.44,2874.67,6410.31,565.73,89.25,141.17,15038.06,8266.55
peptidoglycan biosynthesis V (&beta;-lactam resistance),7.269301656,564.7239135,111.8679432,321.8507742,2239.875848,251.6770365,0,0,58.14527367,117.4506533,1227.583405,2645.311712,2044.877129,2004.495274,2273.497806,907.8485349,21.09826526,0,608.8593385,2756.415941
peptidoglycan biosynthesis IV (Enterococcus faecium),23.96192758,1036.646558,3237.44298,741.8220639,3426.829692,2194.831746,1.720430845,0,156.4292133,277.3373748,4945.856362,6943.232986,5351.854691,4150.124336,6460.146277,2104.198185,39.92220901,0,146356.8005,6059.629692
GDP-D-glycero-&alpha;-D-manno-heptose biosynthesis,94.26986859,1673.6011,10817.08035,3009.355558,2997.507599,3160.744542,0,3.636363636,111.5918279,290.6405016,4181.239308,2752.453727,4145.29936,3310.037131,3922.796324,799.5870354,26.1166628,3.89235856,27029.81696,4344.544231
D-galacturonate degradation II,0,0,0,0,0,0,0,0,0,0,0,0,0,0,0,0,0,0,0,0
L-tryptophan degradation XII (Geobacillus),68.3845069,0,0,0,0,52.02566329,0,0,0,0,0,0,0,0,0,0,0,0,61.86029013,0
4-deoxy-L-threo-hex-4-enopyranuronate degradation,798.7281707,4426.384252,16524.23409,5092.017134,8449.902656,6431.505778,8.152063603,6.204073564,201.4006291,442.073479,10971.58757,8014.301155,11829.27742,5521.972019,11423.64467,2030.716133,67.93974219,118.1699975,55502.98166,6889.392766
8-amino-7-oxononanoate biosynthesis I,17917.98423,4049.297802,5958.665358,4704.2496,3618.867273,2328.13007,13.67332399,2.738729158,83.10082862,1076.130469,8317.212619,4882.109793,9516.14475,4638.468195,8851.084547,1167.421409,164.5676497,254.7485413,35584.96157,14030.389
pyrimidine deoxyribonucleotides de novo biosynthesis III,418.5119966,1450.040581,5011.153578,1881.10666,3017.574511,1602.635973,0,0,79.75047994,231.3598583,3056.288262,2955.279907,4715.267741,2675.0661,4437.37873,1031.818935,20.15795002,4.430520433,10804.80352,4367.274994
norspermidine biosynthesis,114.7378904,969.3689798,1050.201544,1399.434953,389.9417568,159.5291644,0,0,0,0,1252.566478,265.1599773,1252.29565,1024.336908,1171.473078,3.458834187,4.171105169,8.72665325,6425.308471,918.7823096
superpathway of polyamine biosynthesis III,0,0,0,0,0,0,0,0,0,0,0,0,0,0,0,0,0,0,0,0
chondroitin sulfate degradation I (bacterial),0,1092.11339,641.4510872,531.7594352,1672.423688,48.17092175,3.692307692,0,11.60838576,43.76103111,3388.540043,1555.421128,3152.84804,2051.774806,2553.137994,547.5551184,0,0,134.662128,184.5407135
pyruvate fermentation to acetone,375.8359145,2191.562627,8183.91088,3793.542851,3255.361165,738.1548967,4.760926064,0,26.57554462,43.66200768,4148.604594,3416.099294,4689.288702,2592.604913,5779.387127,941.3593863,21.79646762,14.17379153,33771.39541,6397.979156
superpathway of Clostridium acetobutylicum acidogenic fermentation,678.6350858,2290.7124,15125.86398,3744.80625,3458.246957,4114.649612,4.102660951,2.459167299,134.9794006,389.7415465,5749.77344,3683.559943,6446.250184,4122.102619,7179.110534,1470.406495,48.67346673,2.884058384,31132.51853,6964.110689
guanosine nucleotides degradation III,13538.9001,6580.644805,17382.07542,9958.845737,8515.486953,8030.249523,10.04705882,14.27931397,209.8015353,1145.564486,14140.06227,10303.14382,15313.14319,8260.043146,14318.37514,2178.331595,141.3763057,140.8159077,81785.96325,18044.69439
adenine and adenosine salvage III,13679.85948,5572.170835,22877.83848,7926.27687,12542.42721,10276.72753,4.623867568,14.35177987,338.7284464,902.1482191,14596.45077,14286.40228,15008.0372,9369.440622,16544.95804,4178.390902,93.17250496,28.52757688,220146.1663,12418.35058
superpathway of tetrahydrofolate biosynthesis,14601.44635,4463.553638,11137.27012,5467.359397,7518.412708,4083.224152,11.65344421,11.03348185,138.6933299,915.1329282,9080.622571,8058.449764,9985.923788,5030.025389,10744.248,1791.696507,132.0018356,170.5459472,61767.42434,12175.99724
superpathway of L-phenylalanine biosynthesis,17050.26944,4401.223613,10804.02565,6587.835254,6006.56987,6483.452098,12.16859046,6.298349805,235.4732543,1361.356987,9673.049263,9320.891632,9168.809431,6584.086553,10562.87067,2947.187476,160.0479674,201.0049142,209428.4413,16768.21856
superpathway of L-tryptophan biosynthesis,904.9124698,0,23.97458113,26.30981556,246.7344516,0,5.836096907,0,0,0,0,0,0,0,66.92919335,0,0,0,0,0
superpathway of L-tyrosine biosynthesis,15929.17382,4338.251385,10630.8603,6455.745795,5952.885105,6426.284924,11.59233028,6.171705762,234.3212547,1177.791552,9615.156045,9163.529743,9091.07019,6517.978472,10463.95583,2916.440397,156.3813096,196.1901715,208137.592,16253.92366
superpathway of sulfolactate degradation,47.62285256,7.471797675,10.48053346,0,7.478150844,152.1948992,0,0,0,0,4.996161788,0,4.99630766,0,0,8.054399877,6.327941661,7.398064273,402.920729,334.3251627
2-heptyl-3-hydroxy-4(1H)-quinolone biosynthesis,0,0,0,0,0,0,0,0,0,0,0,0,0,0,0,0,0,0,0,0
cinnamate and 3-hydroxycinnamate degradation to 2-oxopent-4-enoate,59.83791937,0.37,0,2.4,1.421052632,27.98640496,1.141463415,0,0,0,0,0,0,0,6.109090909,0,0,0,22.91358875,220.7535017
queuosine biosynthesis,13937.00128,4016.711871,7449.741985,3904.236044,5165.758862,2139.459858,11.7847561,3.192091045,80.48769899,717.8688228,7445.48232,5892.976959,8760.441708,4234.808948,7888.160559,1106.331766,124.8667553,180.1617204,45943.68801,11368.82861
preQ0 biosynthesis,15671.7167,3388.356657,5566.762809,3537.229449,4526.98384,2021.452334,10.81651409,1.840688468,68.7780706,710.9087162,6058.192578,4999.921462,7414.350175,3528.417159,6699.015827,918.622801,108.6780046,160.6001311,29114.32703,9621.537485
ubiquinol-8 biosynthesis (prokaryotic),13491.86964,1784.850277,4767.777769,2939.729093,1071.346745,2072.584511,9.425676661,4.096613546,64.92220061,614.4805595,2703.127833,1695.952071,2806.812359,2184.14278,3858.222161,376.6030185,133.5929537,202.6580273,21242.72544,10954.50766
L-rhamnose degradation II,59.46343124,0,4.985365996,0,0,0,0,0,0,0,3.672462823,0,0,0,0,0,0,0,0,0
methylaspartate cycle,0,79.23066642,318.9754829,0,0,159.3088545,0,0,0,8.838190749,83.93492242,93.65431372,158.3586748,61.32363032,523.7924735,62.08544217,0,0,71.54865552,155.6756813
starch degradation III,0,0,0,0,0,0,0,0,0,0,0,0,0,0,0,0,0,0,0,0
starch degradation V,14398.42626,6856.58697,31741.40703,9232.150664,13518.70066,12565.4842,9.834180139,8.894993895,426.3110147,1355.674279,16778.98223,15224.28168,16590.4686,10152.23793,19064.87178,5083.308704,99.32069213,95.06655447,247564.8709,14143.3292
CMP-legionaminate biosynthesis I,4.659134644,419.0490827,230.6065055,241.8464095,432.5328178,143.5808741,1.828042076,1.839789414,7.567414611,9.632778219,1553.132064,581.330648,2507.38024,307.8611817,906.5948087,206.5448754,0,3.96500387,1615.993321,81.48389413
isopropanol biosynthesis,253.8410774,0,4.65966737,7.337300237,14.31142519,224.5792563,1.750840419,0,9.565256473,8.313605064,21.32223049,0,38.6092332,3.999214147,11.99554832,45.76355422,11.42261074,1.941758143,105.9758414,1376.459623
thiazole biosynthesis II (Bacillus),12309.32679,1987.303239,3790.208185,3023.769837,2245.268076,811.5397159,1.759717235,0,24.88476079,65.86676331,3442.317764,1462.480456,4916.900528,2718.580595,4291.676381,645.1173213,5.847197726,0,48392.9265,1228.923554
thiazole biosynthesis I (E. coli),13117.93101,3844.955021,9175.102448,4031.563649,5152.357565,3502.375383,8.312099893,7.070362416,153.0350198,635.1584567,8194.371848,4586.946272,9163.548493,4235.460966,9271.639422,1982.430301,45.10540938,11.55866591,79714.62836,9521.186828
superpathway of thiamin diphosphate biosynthesis II,12241.07246,3461.362569,6682.333793,3883.573331,5002.583392,1673.542094,5.791126521,0,64.82661061,244.8095609,6810.682548,4215.949244,8161.023949,4138.099663,8367.918446,1030.994388,24.893531,0,29531.88471,4308.968237
thiamin salvage II,12231.92293,4182.272286,16208.28656,5270.089164,8104.847524,8086.399106,13.67549088,10.24743235,257.1152054,761.5109838,9685.930066,8048.446556,10270.35545,6457.83041,11476.0365,2616.266878,139.0934031,211.6090202,83900.05613,11826.97845
superpathway of glucose and xylose degradation,3308.052074,5540.21214,19696.69441,7916.466988,9421.651416,8226.717726,4.578246958,15.29732212,256.826565,1121.492558,12214.30176,11426.55111,12844.44018,7584.33235,13702.82987,3117.736353,79.20748987,69.31500841,122011.4707,10979.60691
chitin derivatives degradation,69.7523005,952.4067372,2031.79794,1501.154759,579.3432177,383.7739316,0,0,0,6.41734758,1992.813664,334.241531,1863.901123,1551.433266,1347.817295,23.7748689,2.3582976,0,4907.424163,991.6118532
androstenedione degradation,0,0,0,0,0,4.292023581,0,0,0,0,0,0,0,0,0,0,0,0,0,26.28500302
mandelate degradation to acetyl-CoA,54.70613422,0,0,0,0,65.35767371,0,0,0,0,0,0,0,0,0,0,0,0,22.25398282,0
TCA cycle V (2-oxoglutarate:ferredoxin oxidoreductase),15727.77054,6052.514696,11792.9423,6004.036073,7976.608219,3202.565496,18.92958131,12.52945269,139.5772415,975.3331231,11475.3352,8361.233542,12265.6555,6099.609645,12617.14756,1850.296549,182.1683806,266.9887859,41718.89527,16513.42622
"1,5-anhydrofructose degradation",46.12441571,0,0,0,0,0,0,0,0,0,2.307555084,0,4.463574186,0,0,0,0,0,0,0
glycerol degradation to butanol,935.9742459,3285.896032,10094.17141,5295.549534,4678.861046,1842.405332,0,0,66.736182,115.1796,6907.152856,5806.812374,7512.381315,4694.4351,8236.860948,1435.60249,39.97332721,0,48767.87139,6149.778294
methyl ketone biosynthesis,41.97234285,0,3.999511404,15.98029165,0,0,0,6.483183864,0,0,5.996038063,0,13.98038336,0,0,0,0,1.995657882,0,0
"L-1,2-propanediol degradation",488.7239818,2969.27414,6015.112008,5287.313889,1701.906061,119.5103007,0,0,15.75718947,35.36544965,3482.316977,2448.762904,3517.815296,1878.451837,5967.972311,645.6074925,11.78410795,0,83272.91634,3925.405883
4-coumarate degradation (anaerobic),0,0,0,0,0,11.35395228,0,0,0,0,5.631901759,0,5.738418359,0,0,7.654897472,0,0,7.809453161,23.27894836
nitrifier denitrification,0,0,0,0,0,0,0,0,0,0,0,0,0,0,0,0,0,0,0,0
"UDP-2,3-diacetamido-2,3-dideoxy-&alpha;-D-mannuronate biosynthesis",0,58.16268249,171.0506394,37.11547527,254.9368769,71.77390293,0,0,1.422413793,3.767646508,48.05439003,75.33713429,177.5650574,69.17499087,228.5988359,31.61257006,2.222222222,6.12244898,398.6877798,105.9150158
fatty acid salvage,3289.164747,507.7293852,5861.689076,121.3519958,262.7342899,2874.896682,20.00097091,1.537266446,85.33472996,1219.679517,320.7220088,350.5348228,865.6269333,139.8569203,1178.441143,462.0532994,230.2241346,343.0932968,22256.65523,20540.68026
vanillin and vanillate degradation I,18.53434675,3.999867602,0,0,0,79.83353069,0,0,4.962800636,3.515878159,0,0,0,4.228362542,0,22.45682212,15.5722277,23.58711944,460.0551739,1150.69094
vanillin and vanillate degradation II,20.70235279,4.498055996,0,0,0,88.73653513,0,0,5.457753753,3.954049441,0,0,0,4.75380205,0,24.13764734,16.86229733,25.49176992,513.6333342,1263.666348
pyruvate fermentation to isobutanol (engineered),20896.36152,8927.60022,43721.49113,16152.53265,17815.48434,18733.65034,28.10475576,28.11828618,619.1378928,2698.825103,23384.97797,21084.28663,24962.42879,16275.73118,26792.83503,6772.119263,325.877121,414.6998703,331914.5645,35872.90275
"chlorophyllide a biosynthesis III (aerobic, light independent)",11.98200089,0,0,0,0,2.980277869,0,0,0,0,0,0,0,0,0,0,0,0,2.988185676,0
pyrimidine deoxyribonucleotides de novo biosynthesis I,14604.54486,3475.933058,7197.469698,4535.266627,5288.107929,2233.144988,11.77524055,11.39084196,94.25786788,761.2368377,6239.466987,6259.729818,7758.469044,4297.076517,8025.901718,1505.47098,141.6556937,202.991837,34077.28165,12250.90201
UTP and CTP dephosphorylation I,0,0,0,0,0,0,0,0,5.774551407,0,0,0,0,0,0,0,0,0,0,0
pyrimidine deoxyribonucleotides de novo biosynthesis II,12160.73725,3549.597809,9760.590507,4822.593705,6360.424551,4146.8524,9.769625515,10.66780168,145.8187385,810.7516131,7272.540481,7478.657242,8622.42237,5014.55714,9293.496089,1945.302595,123.937914,140.409389,83528.81085,12683.02532
superpathway of pyrimidine ribonucleosides salvage,13057.77451,5201.438945,10261.97447,5916.168587,7559.661826,3298.364306,9.229104004,8.667913354,139.6623018,840.8981915,9321.553345,8919.30629,11220.11413,6064.840168,11415.14078,2133.336308,101.5050639,54.09099989,49277.21886,12645.78361
pyrimidine deoxyribonucleotide phosphorylation,12213.43339,3861.241731,6085.56713,4057.329204,4687.928986,1880.666842,9.826119403,10.77324213,81.19364019,690.1014789,5506.379691,5596.003874,7291.574272,3843.604277,7151.840506,1335.133298,118.5335671,180.6575464,31558.35005,10799.42908
pyrimidine deoxyribonucleotides de novo biosynthesis IV,60.4718986,1198.831824,3004.516224,1580.513498,2282.761428,1469.972152,0,0,74.91681828,190.5166744,2618.175803,2506.299363,3338.573068,2334.861827,2492.383753,918.1822407,16.04444831,0,6800.917289,3617.82556
pyrimidine deoxyribonucleosides salvage,11801.11019,4121.909488,7980.317123,4943.575623,6161.876002,3176.07681,6.020352316,10.43303028,150.0605736,288.4409577,9403.444928,8225.649863,9072.521527,5274.979181,10000.52892,2444.719802,76.39394574,77.34911414,137347.8094,7921.140562
superpathway of pyrimidine deoxyribonucleoside salvage,12043.62375,3397.775404,6069.143922,4164.33185,4869.27415,2067.991139,7.468701749,10.35509919,94.12799897,368.1537515,6411.405821,6169.04267,7366.370858,4129.240943,7735.234884,1589.228254,94.64852731,117.1786245,46686.16595,8716.123927
superpathway of pyrimidine nucleobases salvage,14056.24572,6046.766321,22166.66537,8077.757977,13492.84207,11072.83499,13.75157978,15.42262243,388.9173159,1340.183937,15880.32007,15901.04757,16493.0628,10309.07216,18730.17881,4621.27465,175.0862105,209.3529636,267321.8745,19042.50359
pyrimidine deoxyribonucleotides biosynthesis from CTP,86.2499355,1466.963085,3440.400142,1922.845228,2635.293174,1623.129717,0,0,82.56090731,242.2890795,3018.483487,2954.006394,3895.319978,2593.018711,3046.99772,1008.059122,21.94263108,0,8762.984352,4550.006268
superpathway of pyrimidine deoxyribonucleotides de novo biosynthesis,14629.95431,4115.643686,8655.610288,4996.343933,5322.13621,2800.448488,12.31386963,11.94601141,118.4403334,854.750851,6521.756501,5557.658277,6735.784245,4001.018066,8564.607512,1545.608946,151.054247,208.7109447,42223.47414,13623.0512
adenosine ribonucleotides de novo biosynthesis,14767.88443,6038.787764,24314.07477,8007.520559,13521.28721,11700.90588,14.28115429,16.15770051,386.810924,1262.222185,16198.07839,15571.68679,16230.15195,9950.997841,18409.51016,4554.188553,177.4117938,219.9751649,251545.8623,19086.58429
nicotinate degradation I,11429.0787,0,262.7126654,29.86470413,206.6132666,68.37390532,0.672897196,0,0.37075438,0.370795358,234.2709185,149.5877179,434.6049324,329.4811309,114.3790602,5.506181083,6.253063549,6.235263296,244.8038202,259.7646805
adenosine deoxyribonucleotides de novo biosynthesis II,16160.30903,8260.435303,42468.75165,13033.77797,17250.64591,18241.32673,14.09491525,11.69411415,539.012432,1646.051667,19076.743,20507.43628,21324.82957,14626.60777,22425.30822,6596.969524,155.8006946,232.7135142,379189.1757,23734.71466
guanosine ribonucleotides de novo biosynthesis,14694.13337,5972.536762,22595.95265,7751.38836,12363.20467,10652.89013,12.65291894,14.95285819,374.7982973,1154.842445,15278.15806,15268.95841,15572.08255,9688.996093,18025.23012,4333.431595,159.753127,202.2516647,236180.6136,18019.70857
guanosine deoxyribonucleotides de novo biosynthesis II,16160.30903,8260.435303,42468.75165,13033.77797,17250.64591,18241.32673,14.09491525,11.69411415,539.012432,1646.051667,19076.743,20507.43628,21324.82957,14626.60777,22425.30822,6596.969524,155.8006946,232.7135142,379189.1757,23734.71466
superpathway of guanosine nucleotides de novo biosynthesis I,15943.12454,5193.795864,10106.07172,5888.465094,7037.998995,3095.822408,13.56253372,13.36998848,130.410093,919.1294594,8623.147902,8463.921541,10612.23192,5794.28077,10723.57476,2020.997137,156.9993766,220.7558363,45784.55739,14640.8357
superpathway of adenosine nucleotides de novo biosynthesis I,16035.65681,6709.862271,28362.90786,9214.642839,14668.77008,13203.17884,14.76552237,15.00509765,430.8064882,1368.35404,17117.56414,16990.28638,17776.78526,11179.36796,19727.52652,5104.606847,178.4159447,234.5043441,283500.0004,20803.29713
inosine-5'-phosphate biosynthesis III,12219.43718,2464.889042,7303.175788,3823.323376,1659.867283,2734.446277,10.83694634,10.36101358,95.68313454,739.0120841,4791.90617,2127.102727,3786.724818,2406.232313,5172.75286,490.1241744,133.4738722,183.515302,39262.49179,12317.3343
"myo-, chiro- and scillo-inositol degradation",12173.34,1029.87,7120.12,1628.84,2474.84,1418.83,4,12.57,48.33,945.34,3554.44,3850.99,2549.38,2360.91,2645.6,1327.97,18.5,15.5,136704.12,1523.59
D-fructuronate degradation,15738.03557,6486.214777,29490.95255,9434.457618,12307.20888,11405.06924,8.91513754,13.71918358,330.5890447,741.299655,15273.14553,12050.80243,15709.25351,9015.427522,15873.90876,3480.075024,105.418145,120.0649753,118928.7769,13404.23743
TCA cycle VII (acetate-producers),14367.6607,2976.368684,3484.891436,4491.129862,616.4313579,2101.457293,9.336570485,11.26489675,49.76242583,1164.753879,3047.148176,889.3113921,2786.142669,2362.404926,3593.698358,462.3770747,136.2241136,212.0588863,31190.59727,13824.58273
ergothioneine biosynthesis I (bacteria),0,0,0,0,0,0,0,0,0,0,0,0,0,0,0,0,0,1.980846045,0,0
D-cycloserine biosynthesis,0,0,0,0,0,0,0,0,0,0,0,0,0,0,0,0,0,0,0,0
L-arabinose degradation IV,45.4789907,0,0,0,0,200.497936,0,0,8.672743664,0,0,0,2.656838427,0,0,21.84352565,7.431604343,16.37930828,516.421579,1846.944054
dTDP-N-acetylthomosamine biosynthesis,12744.1259,3008.210823,5938.450401,4344.111566,2677.370308,2484.747822,1.510801394,0,111.3942126,208.077876,5079.501205,2668.402584,4840.212158,3620.246919,4644.54678,877.0670511,20.26387101,0,46516.60515,1500.655471
superpathway of GDP-mannose-derived O-antigen building blocks biosynthesis,965.9142485,3509.674002,9034.756928,2865.364033,5670.234319,2773.09514,11.31981815,4.51472364,88.65887025,811.5632725,7690.374765,6716.637638,9131.259621,3760.251104,8179.645979,1397.087467,42.15178855,65.80883813,14370.86578,5717.179691
superpathway of UDP-glucose-derived O-antigen building blocks biosynthesis,13952.86247,3311.902252,5338.053819,3358.470037,1102.109943,1626.907628,6.638204408,4.124251991,32.6403693,667.6844169,3697.524745,1355.545275,4658.111702,2944.567584,2900.497154,571.0957203,74.95620115,139.6748358,27271.70745,8802.298374
superpathway of UDP-N-acetylglucosamine-derived O-antigen building blocks biosynthesis,0,358.404689,1267.576462,221.5819833,1430.679913,442.6117016,0,0,9.958645472,20.5775285,1449.857185,870.0279931,1271.811221,514.7440647,1897.482561,260.6746689,0,0,3702.561018,135.204829
sucrose biosynthesis III,0,0,0,0,0,26.14067819,0,0,0,0,0,0,0,0,0,0,0,0,0.749994712,165.6896253
"1,4-dihydroxy-6-naphthoate biosynthesis II",2,80.70338164,565.0416158,233,1130,121.2,0,1,8,13.51730769,1102.527094,1143.500616,740.5829209,548.2,1491.1,73.6,4.285714286,2,199.8,113.3023256
superpathway of demethylmenaquinol-6 biosynthesis II,0,0,0,0,0,7.622641509,0,0,0,0,23.61446715,15.83383825,5.963762423,11.80617373,15.87226399,0,0,0,150.1336828,38.68437929
"1,4-dihydroxy-6-naphthoate biosynthesis I",2,74.60024367,500.8895476,233,1128.798085,106.9965076,0,1,8,11.85009104,1084.693829,1115.078816,711.5357769,543.6644013,1474.176716,71.25284738,3.658536585,2,152.8391552,78.72172352
"cob(II)yrinate a,c-diamide biosynthesis II (late cobalt incorporation)",235.5889649,17.75049351,3.710688021,0,0,624.7655298,5.052733015,0,57.62597934,662.7764867,20.22558217,0,37.50647302,20.42377083,5.73021508,212.1208668,59.93591473,72.81055673,1782.806013,3143.097862
"cob(II)yrinate a,c-diamide biosynthesis I (early cobalt insertion)",419.0489877,1680.139967,3546.109435,2586.5609,584.0841713,343.0621754,0,0,0,33.96781168,2479.120631,750.2079197,2078.394989,1121.373879,3560.154494,55.01464123,6.054561449,0,33463.01539,883.4456061
"1,3-propanediol biosynthesis (engineered)",0,0,0,0,0,0,0,0,0,0,0,0,0,0,0,0,0,0,0,0
isoprene biosynthesis II (engineered),0,0,0,0,0,8.956331548,0,0,0,0,0,0,0,0,0,0,0,0,0,66.26200704
taxadiene biosynthesis (engineered),1103.521646,3283.579832,5049.621664,4978.823163,2670.20274,1585.058945,5.194669018,7.589389187,43.33741568,78.96861368,6030.155068,1793.371558,6873.205782,3960.595753,7137.728744,627.7654531,28.05113622,49.04312613,88377.17921,3814.979239
L-arginine biosynthesis IV (archaebacteria),12399.54575,4226.739141,22088.35025,6718.187092,9954.735818,9514.305621,12.44990064,11.8839059,285.7226311,1165.859105,11085.77538,9870.602616,11905.02989,7155.276203,13297.83119,3234.719681,141.786194,189.6200536,84397.14984,13348.12566
aromatic biogenic amine degradation (bacteria),337.1181,11.94740716,308.4412637,7.332977013,447.7635588,402.4132048,3.240223464,0,33.17014486,554.293355,83.6503876,162.2254067,84.13735927,44.32047733,207.2805027,87.54048342,16.33057231,41.63271488,1428.744701,1573.211646
sulfoglycolysis,66.27526677,178.3843492,205.5380561,507.299044,30.65675759,2.216270409,0.8,6,0,0,459.2431791,3.879678489,282.3528362,16.59790835,670.9430286,1.219343715,0,0,1606.619904,48.83485205
mannan degradation,27.13654146,2663.852753,2495.155685,709.0554282,3131.274859,2499.816394,4.685237567,2.63606171,76.26748649,222.0824083,5411.961899,3552.076024,5566.542404,2298.138356,5313.96689,968.9982015,3.733521163,3.765835333,9164.877587,2332.14508
L-methionine salvage cycle III,0,14.67852348,0,0,14.69845185,408.1422263,0,0,0,0,4.984949154,0,0,0,0,20.95943608,0,0,662.304374,0
6-hydroxymethyl-dihydropterin diphosphate biosynthesis III (Chlamydia),12597.32048,3931.195463,11815.31422,4203.805233,6480.735326,5163.157918,13.96109749,11.15074001,140.8587322,910.1630384,8072.071057,7142.082338,8635.617061,3941.325658,9687.419468,1690.47452,154.0134108,232.381414,57595.06417,12056.14783
methylerythritol phosphate pathway II,12340.57424,5244.923849,18891.405,6671.194948,11756.71715,9552.093955,11.79029262,11.95766481,336.0886592,1069.881523,13828.87236,13559.4855,14331.24214,8725.069979,16059.0547,3884.516624,143.525795,182.8785275,217269.8435,15415.21614
methanol oxidation to carbon dioxide,0,0,0,0,0,0,0,8.40032087,0,0,0,0,0,0,0,0,0,1.997107841,0,0
heparin degradation,0,0,0,0,0,0,0,0,0,0,0,0,0,0,0,0,0,0,0,0
gondoate biosynthesis (anaerobic),19831.05982,7311.567513,26436.58881,8891.820835,13947.30042,11506.26659,22.09950094,7.757023538,386.5210881,1768.066882,17903.95565,16376.71493,19137.07839,10980.40783,20497.43708,4665.14281,235.5978951,333.3816656,239343.7594,22461.73614
oleate biosynthesis IV (anaerobic),19607.39926,4038.216869,9515.512747,5782.228277,3540.503145,3900.398288,14.61427841,4.356414734,108.9959132,1564.512182,9454.229654,4745.608011,10898.20937,5494.617687,10374.15332,1486.597774,191.8816269,295.7158876,54888.75341,17509.13696
superpathway of purine nucleotides de novo biosynthesis I,14471.13562,5423.909726,13409.10564,6456.056895,8803.698841,4543.47397,13.7367858,13.2127632,182.6362181,1017.039059,10665.77052,10421.97619,12408.96943,6976.749854,12906.31401,2654.592565,160.8731769,217.111853,71764.21601,15742.261
mevalonate pathway I,0,0,0,0,0,24.21674532,0.338710434,0,0,0,0,0,0,0,0,0,4.91017592,0,3.311256294,596.3472924
superpathway of L-alanine biosynthesis,18310.56223,3868.613163,8104.224833,6502.30717,3504.402303,2852.969633,10.05012005,15.86016236,70.36159332,817.0252611,5693.735588,1693.399377,5451.236943,3707.535008,7015.399419,1224.297768,129.2485315,170.6246952,80390.70733,12987.92391
ADP-L-glycero-&beta;-D-manno-heptose biosynthesis,11421.81685,1451.220532,4320.851332,2503.609863,667.0812936,452.2506902,3.979306609,1.45631068,14.63554417,514.278327,2305.382781,688.8912588,2138.554141,1346.811435,2546.201558,65.78528545,10.57969605,29.90619543,15480.3729,1196.525002
anhydromuropeptides recycling,22097.88959,4685.055324,14346.04416,7241.246847,7242.502734,5689.336359,13.33841055,8.428824745,223.8092514,1053.571975,9085.821455,10255.40294,9744.616325,7289.590089,12614.41409,3045.442516,153.593173,150.7740482,135977.7434,18014.30714
3-phenylpropanoate and 3-(3-hydroxyphenyl)propanoate degradation,139.0336604,1.466064017,0,8.794801548,5.573205037,100.8469112,1.365296373,0,0,0,0,0,0,0,23.32210467,0,0,0,89.75437897,756.3883678
purine ribonucleosides degradation,12706.20239,4267.607375,21313.69413,7524.914156,9696.751112,10364.04227,3.355668512,6.91751046,332.3423594,670.8176599,11114.92091,10980.72832,10597.38598,7855.677876,13233.80668,3894.374629,58.66788627,10.8410759,224374.9889,9912.663676
superpathway of purine deoxyribonucleosides degradation,14488.49007,4694.038535,20707.57851,7821.510508,9515.558085,10031.4189,3.259653511,6.326789084,336.1257018,648.5608636,11122.74439,10653.91035,10743.72849,7943.806671,12369.37517,3650.816622,70.41705663,11.36266124,228459.6395,11368.34077
superpathway of pyrimidine deoxyribonucleosides degradation,13410.91827,4085.716727,20199.63268,7164.417233,9299.108806,9917.30331,2.826694315,4.859802071,330.7809339,568.0099746,11094.22492,10451.46979,10735.36125,7917.07186,12193.51269,3473.445288,62.28144699,7.624633431,226890.2915,9539.719466
CDP-diacylglycerol biosynthesis II,15241.49689,5611.432221,23875.36643,8020.143021,12978.517,12246.81636,18.39084134,14.24704308,399.6413922,1774.182339,15265.59953,14180.81176,15451.89463,9701.045374,17932.19619,4385.005929,229.9505533,300.4262673,241046.8169,24272.80983
polymyxin resistance,11266.27581,1076.600447,1288.437178,1960.197569,296.4405797,58.329953,1.687147335,0,1.122667185,2.557928852,1155.220518,186.7325495,1062.578771,756.6052302,1481.522139,8.856053964,2.1,0,12340.88616,132.4879661
superpathway of heme biosynthesis from uroporphyrinogen-III,12952.07139,1598.305198,2598.039143,2715.572911,588.0611182,369.7885507,3.91683088,4.296654244,12.43618598,88.35414677,1714.227639,587.8988828,1685.065304,1129.745081,2265.409852,158.1119942,2.95628113,2.969773923,18756.85937,339.0738404
tRNA processing,12132.77506,1893.791035,4693.746096,3105.006806,809.4705094,1811.587929,8.142624046,0,47.56727644,233.0886967,2584.448412,913.5353444,3575.766448,2082.994045,3477.267303,296.6583017,105.7340094,145.7013088,28308.09093,10418.24885
methylphosphonate degradation I,14058.28576,1809.490193,4704.528353,3045.719935,394.7422758,503.7388914,3.999066511,0,5.294824816,27.13655352,1973.015074,466.5185795,1867.78772,1293.693446,2866.436226,80.69121161,19.27342256,27.2555205,29002.17898,1360.94508
peptidoglycan maturation (meso-diaminopimelate containing),19780.34741,3995.898287,14703.4892,6735.429526,6854.278825,11338.74671,13.62215827,14.48280391,334.7024953,1185.433902,10064.81611,6598.941572,9426.266001,6765.381675,10926.14801,2448.478245,144.3496785,190.9084033,111312.4097,13850.69074
superpathway of pyrimidine ribonucleotides de novo biosynthesis,14696.76345,5408.690448,12566.86477,6502.139491,8690.444938,4124.029585,13.63582588,12.55806946,169.9592342,1057.803626,10441.75725,10030.08337,12289.90478,6851.118172,12776.78573,2511.531844,163.3708072,214.7616562,62762.03593,15939.36231
superpathway of pyrimidine deoxyribonucleotides de novo biosynthesis (E. coli),13194.22963,3593.989171,8984.487468,4845.319457,6301.412867,3211.582166,10.9179223,11.25796538,128.534077,812.8036573,7190.971264,7427.893675,8559.991179,4973.388427,9221.253817,1936.49638,132.9810897,186.9340684,57459.8197,12914.54727
phenylacetate degradation I (aerobic),14285.43519,1516.760966,2061.267901,2711.508097,329.4458085,231.0676757,0,0,2.430917891,9.05123795,1624.909732,233.8032626,1524.610433,1093.605234,2121.66782,31.17378781,12.90730755,24.95422902,17880.1727,1666.435502
allantoin degradation IV (anaerobic),2978.888537,219.5713105,11086.08249,1720.122676,1365.588597,2071.663162,1.016883117,2.334827307,40.23019331,80.72517497,1226.445761,1467.43579,1892.314378,1301.919464,1472.550886,615.8580514,10.16712939,0,16865.00748,1317.82506
2-methylcitrate cycle I,11710.45008,8.530162828,502.0071816,56.51592599,237.4026376,864.5099031,3.522770304,7.500736655,14.70745599,458.4945785,310.3464504,163.0142953,517.9711056,388.5178922,204.0883127,68.75289507,58.1840636,92.78231622,4392.893791,5003.527539
aspartate superpathway,14521.81304,3555.825369,11306.22459,5625.762438,6053.725926,5725.295608,10.00078185,12.04800996,167.531259,979.458111,7102.979083,4709.08619,6750.847066,4699.516951,8726.535776,1871.134336,112.4106876,137.9665022,85808.77959,11695.43093
superpathway of pyridoxal 5'-phosphate biosynthesis and salvage,15187.44641,3805.426629,6108.131032,3813.716051,3143.977628,1342.870574,8.264983792,0,67.23755811,857.3917854,5222.905411,2373.010148,5741.03954,3032.599007,5802.334888,693.7916518,65.27475043,64.02997442,27967.99616,6471.850942
(5Z)-dodec-5-enoate biosynthesis,19345.07975,3683.039271,8483.665961,5359.421606,3119.951349,3472.329874,13.61696147,3.958667011,96.31317069,1486.714987,8612.656003,4197.629341,9977.298271,4989.614855,9437.68791,1320.267223,181.845804,283.4132924,48400.87988,16529.79154
mycothiol biosynthesis,0,0,0,9.94996873,0,0,0,6.748290366,0,0,0,0,8.74517032,0,0,0,0,1.240310078,0,0
nitrate reduction VI (assimilatory),343.7030136,701.8577925,972.0685213,1147.428373,1372.385636,773.9375189,1.468152866,1.469561688,34.4231278,73.34732142,847.3060989,1654.875246,1392.100174,1251.385431,1547.562093,543.9419817,10.346875,11.82492614,6709.266397,1130.465257
phosphatidylglycerol biosynthesis I (plastidic),16239.05227,4555.385891,20136.7078,6980.960371,11182.15006,11225.84536,13.42095072,12.79867806,355.7693134,1406.484332,12639.59704,11779.31606,12941.89026,8500.284759,14864.02472,4050.68475,184.4540671,238.4602956,227936.0035,19315.00888
phosphatidylglycerol biosynthesis II (non-plastidic),16239.05227,4555.385891,20136.7078,6980.960371,11182.15006,11225.84536,13.42095072,12.79867806,355.7693134,1406.484332,12639.59704,11779.31606,12941.89026,8500.284759,14864.02472,4050.68475,184.4540671,238.4602956,227936.0035,19315.00888
biphenyl degradation,0,0,0,0,0,0,0,0,0,0,0,0,0,0,0,0,0,0,0,0
mycolate biosynthesis,21119.05005,4160.50108,9775.924733,5976.744368,3629.939332,3967.486234,15.24086342,4.646855631,112.0845827,1698.892294,9634.732698,4857.246616,11106.91804,5574.981907,10491.22915,1515.98816,201.6555875,311.9573776,55125.87805,18449.56513
NAD salvage pathway I,12116.06914,4721.741369,17443.88837,6081.888583,9890.819912,8585.636615,8.771608217,10.01079608,301.7881408,853.4040214,12615.35169,11863.8288,12526.76103,7603.449641,13847.4672,3438.362333,111.5204612,146.9038689,200353.3347,11776.60615
NAD biosynthesis I (from aspartate),11948.30143,4231.016834,16077.83077,5470.215605,8707.17608,7812.537977,9.671771727,9.879360141,239.4269403,796.0652599,10674.11693,9802.473355,11481.37816,6326.183634,12739.63894,2726.662541,108.9772096,134.2253262,100574.5149,12176.61403
pyridoxal 5'-phosphate biosynthesis I,12064.502,3350.994264,4346.031071,3107.944545,2506.746161,772.2687566,9.871487069,0,46.39811851,736.6620557,4173.307344,1877.43031,4619.369737,2274.73245,4659.00235,500.2010377,56.05618591,46.42616501,17926.83089,4854.666771
TCA cycle VIII (helicobacter),15935.35581,3478.687392,5054.223311,5322.366422,2513.376433,5255.10426,19.43358269,12.86637641,197.334415,1230.054675,3576.101789,2353.717219,4276.028133,3717.817222,4207.548134,1273.884348,169.0648989,112.042239,38507.32279,19453.86392
L-rhamnose degradation I,345.9128541,3461.003095,12177.38497,5061.943543,5501.282857,4770.28156,5.576579353,9.801831395,161.0099493,302.0240149,7976.048962,7051.969568,8519.107215,4763.301276,8363.297148,1664.053095,29.01933216,1.880597015,70037.2399,4097.563858
flavin biosynthesis I (bacteria and plants),12341.07258,4435.108848,13508.23678,5311.274703,9101.672838,7563.547405,11.81457446,11.44404893,238.0101758,1066.451517,10722.78499,9944.8402,11491.24629,6237.804946,13229.70767,2623.151755,135.8217793,188.2569147,88250.47706,14461.32971
formaldehyde oxidation I,324.057668,1678.277544,12465.67156,4036.385725,4211.419096,3536.938978,0,4.75489265,134.2943302,364.0973098,4881.720368,7231.457039,4665.491597,4229.25062,6111.277972,2017.490958,31.98132173,0,86798.57569,4251.206026
adenosine nucleotides degradation II,3214.331111,6480.803351,23636.4892,10925.66773,9094.590933,9695.902255,10.40130207,14.13862204,374.8791789,1298.746392,14926.58105,10978.64455,16164.20449,9074.251154,14850.67734,3015.492275,165.8011838,179.6932014,185313.6984,20099.7329
superpathway of L-serine and glycine biosynthesis I,12377.15868,5688.282398,28967.00719,8106.108347,13004.47721,11416.0531,14.7954027,16.50168784,392.61524,1560.840587,15174.42172,15128.49893,15269.75347,9977.639282,17722.31555,4485.434555,177.9201385,214.5054309,228860.6287,18134.41297
sulfate reduction I (assimilatory),16765.25612,2904.519946,6368.089572,4620.80992,3394.982809,3252.584094,11.57016292,6.956168831,77.67769405,1115.082571,5375.712519,3396.13489,5806.857468,3098.468834,5824.14508,736.8296519,142.0377807,175.7138924,32776.20222,11385.33072
sucrose biosynthesis I (from photosynthesis),0,0,0,0,0,85.80753846,0,0,0,0,0,0,0,0,0,0,0,0,2.499917467,538.1161848
superpathway of sulfate assimilation and cysteine biosynthesis,15583.2814,4240.35078,10848.71164,6004.737578,5630.996354,5086.89051,14.42110668,9.504414581,134.666529,1280.725296,8320.912144,5941.656738,8829.064705,4882.687232,9242.414113,1347.324637,163.2143944,196.5264799,56785.11245,14424.27352
TCA cycle I (prokaryotic),16258.79451,5611.604396,10825.86435,5712.762968,5948.450497,3124.828468,18.79715348,13.07557847,123.4297715,1196.054403,9452.904715,5263.577241,10256.45687,5392.26374,10327.11418,1492.384362,196.1423975,285.1894475,40229.99876,16827.03322
superpathway of glyoxylate bypass and TCA,14570.02668,2568.816672,3765.595508,3633.429194,711.7035131,1905.695008,12.05549234,11.33797043,50.87150815,790.6149185,2870.27191,562.2870982,2816.363698,1946.09918,3549.378533,224.9437104,145.5627468,225.5323832,25396.0712,12373.86282
teichoic acid (poly-glycerol) biosynthesis,78.89872491,1460.882275,2560.431122,1218.650014,3359.318332,2074.423957,0.456659619,0,93.30944381,156.210088,4087.691818,5320.839823,3844.710219,3295.064499,4744.703958,1665.291277,14.54195164,0,70319.49703,1363.096334
superpathway of thiamin diphosphate biosynthesis I,12393.00913,4161.795835,8362.895915,4150.053331,6682.808931,2371.6467,12.03591616,9.422466463,112.1270764,733.5373783,8839.015693,6942.393772,9644.762342,4644.47953,10584.99515,1273.218655,96.14720709,47.31630974,52673.58888,11069.80244
superpathway of L-threonine metabolism,647.6922092,1800.416259,2390.947347,2982.448736,154.3309214,10.29016433,0,0,0,2.881404647,1977.623233,49.26489586,1570.112109,886.767877,2846.129624,19.69548872,0,0,26986.65221,247.2682884
superpathway of L-threonine biosynthesis,15499.82362,6104.892243,22540.83018,7777.191006,12234.92882,10364.64213,14.72402404,14.25607519,346.7882712,1308.546148,14844.44626,14678.78167,15716.67008,9522.458951,17337.79138,4306.420265,158.320071,216.3559037,233807.203,17205.61366
tRNA charging,13620.03531,5496.567103,21326.02891,7434.959618,12141.56746,10109.48744,11.9818171,11.24475024,339.8049082,1098.947615,14050.48538,13788.22257,14575.88882,9124.864408,16444.68448,3997.084246,152.0170587,187.7989869,217310.1758,16656.25788
L-tryptophan biosynthesis,13493.86575,4776.284561,18616.47577,5856.940283,8740.131549,8966.157362,12.99814063,14.1165054,263.831872,1047.426658,11139.30415,9080.047907,11729.52197,6600.105234,12863.20018,2814.839735,139.7748843,205.0634655,86776.12702,15191.47723
L-tyrosine degradation I,799.6626042,22.84481523,192.8625257,29.6487272,46.03024988,1080.57483,6.000726041,1.6,28.44371161,667.8535301,35.54721971,93.66213675,155.7992622,17.59996526,123.7545079,112.0731535,101.2495954,155.4522383,5320.249539,8425.956565
superpathway of ubiquinol-8 biosynthesis (prokaryotic),13216.92567,1789.039912,4578.697258,2851.283236,1041.314264,1647.788451,9.449493817,3.487317177,57.22364434,594.5406735,2655.232659,1669.691187,2800.734886,2084.793637,3790.20306,344.808759,127.8541105,189.3770528,19565.07232,10320.16542
UDP-N-acetyl-D-glucosamine biosynthesis I,12406.98902,2643.348774,9693.718315,4463.85381,4741.057035,4789.123956,10.08364773,9.527564467,186.1957919,852.4665014,6596.646207,7153.9773,7406.582885,4924.078316,9013.235193,2484.513227,151.5958345,202.773744,167177.5629,14332.06089
L-valine degradation I,0,0,0,0,0,0,0,0,0,0,0,0,0,0,0,0,0,0,0,0
L-valine biosynthesis,16092.24058,7000.090591,30272.16266,10098.58114,14514.95809,13754.00691,17.60982143,18.0436528,463.9396993,1537.767556,18629.29924,16916.38657,19453.4055,12251.59222,21113.30498,5059.732987,210.0201922,271.6530995,274182.7299,22305.04387